jobId,client,provider,evaluator,selfEvaluated,budgetUSDC,status,hook
1,0xbcf83d3b112cbf43b19904e376dd8dee01fe2758,0x17f6c38b9ac1176d84c03f610cecca3f00a58aa8,0xbcf83d3b112cbf43b19904e376dd8dee01fe2758,true,5,Completed,0x0000000000000000000000000000000000000000
285,0xe0443163f4d0292bbb9d31841e803bde8dad3437,0xe295e1746db01d1129eebdf99c0f23821784a319,0xe0443163f4d0292bbb9d31841e803bde8dad3437,true,0.1,Completed,0x0000000000000000000000000000000000000000
569,0xd86b9e6f8072c4ff0a6b01be26087ef2b59b21f3,0x5ce45abbc44370c348e1a6331f8cc44eca6dc6fc,0xd86b9e6f8072c4ff0a6b01be26087ef2b59b21f3,true,0.05,Completed,0x0000000000000000000000000000000000000000
853,0x788f17f9bc5f43b6ed2585bd33b927e6d54a72e4,0x08c5300b7e12f1243d9db54491fa4e1c98b37333,0x788f17f9bc5f43b6ed2585bd33b927e6d54a72e4,true,0.05,Completed,0x0000000000000000000000000000000000000000
1137,0xc4d0038750dfb78c7df00845dd61476b8197eaac,0xd9fb08faf60121b0b2c77c2b9596a48e9d7856c6,0xc4d0038750dfb78c7df00845dd61476b8197eaac,true,0,Open,0x0000000000000000000000000000000000000000
1421,0xbb7c447ce2a48c592d72c0845e4d747946c39a97,0x1dddea7735459ac23b8e22939b27cf4109f482b9,0xbdaa89f73e5eee812b493745b9b57c474abf3952,false,0.1,Completed,0x0000000000000000000000000000000000000000
1705,0xbb7c447ce2a48c592d72c0845e4d747946c39a97,0x4805452dbddf0cda1b250c3b126011de247176e1,0xbdaa89f73e5eee812b493745b9b57c474abf3952,false,0.1,Completed,0x0000000000000000000000000000000000000000
1989,0xbb7c447ce2a48c592d72c0845e4d747946c39a97,0x1dddea7735459ac23b8e22939b27cf4109f482b9,0xbdaa89f73e5eee812b493745b9b57c474abf3952,false,0.1,Completed,0x0000000000000000000000000000000000000000
2273,0xbb7c447ce2a48c592d72c0845e4d747946c39a97,0x4805452dbddf0cda1b250c3b126011de247176e1,0xbdaa89f73e5eee812b493745b9b57c474abf3952,false,0.1,Completed,0x0000000000000000000000000000000000000000
2557,0xbb7c447ce2a48c592d72c0845e4d747946c39a97,0xad28062b28bc7d17a956cdfcaad6d85912d654aa,0xbdaa89f73e5eee812b493745b9b57c474abf3952,false,0.1,Completed,0x0000000000000000000000000000000000000000
2841,0xbb7c447ce2a48c592d72c0845e4d747946c39a97,0x4805452dbddf0cda1b250c3b126011de247176e1,0xbdaa89f73e5eee812b493745b9b57c474abf3952,false,0.1,Completed,0x0000000000000000000000000000000000000000
3125,0xbb7c447ce2a48c592d72c0845e4d747946c39a97,0x1dddea7735459ac23b8e22939b27cf4109f482b9,0xbdaa89f73e5eee812b493745b9b57c474abf3952,false,0.1,Completed,0x0000000000000000000000000000000000000000
3409,0xe7e598d278f5ee26d27743f66c34d74db1f45bd7,0x871bf9e2a99de1bd47a2a0c4d1056349eb4ab8a8,0x99f89acf1a0db9665452a8fa5b50c43757e320a1,false,5,Rejected,0x0000000000000000000000000000000000000000
3693,0x1dd8fa0a0d73c7ed8473e8f45bb76d1eda695065,0x1dd8fa0a0d73c7ed8473e8f45bb76d1eda695065,0x1dd8fa0a0d73c7ed8473e8f45bb76d1eda695065,true,0.1,Completed,0x0000000000000000000000000000000000000000
3977,0x1dd8fa0a0d73c7ed8473e8f45bb76d1eda695065,0x1dd8fa0a0d73c7ed8473e8f45bb76d1eda695065,0x1dd8fa0a0d73c7ed8473e8f45bb76d1eda695065,true,0.1,Completed,0x0000000000000000000000000000000000000000
4261,0x1dd8fa0a0d73c7ed8473e8f45bb76d1eda695065,0x1dd8fa0a0d73c7ed8473e8f45bb76d1eda695065,0x1dd8fa0a0d73c7ed8473e8f45bb76d1eda695065,true,0.1,Completed,0x0000000000000000000000000000000000000000
4545,0xcc9e6ee08dc24d4be77c07754b9f9e6837138928,0xd491d7c3ee220902f73d88e9d42b0e4387268eac,0xcc9e6ee08dc24d4be77c07754b9f9e6837138928,true,0.01,Funded,0x0000000000000000000000000000000000000000
4829,0xbb7c447ce2a48c592d72c0845e4d747946c39a97,0x1dddea7735459ac23b8e22939b27cf4109f482b9,0xbdaa89f73e5eee812b493745b9b57c474abf3952,false,0.1,Completed,0x0000000000000000000000000000000000000000
5113,0x70252376798ecdfe150a66ff982155fdccde1a14,0x0bb07a17cc73e4489175c50890575084f25fa47c,0x70252376798ecdfe150a66ff982155fdccde1a14,true,10,Open,0x0000000000000000000000000000000000000000
5397,0x212cf6088b741a59b089fa76429aa54768d15621,0x14e09a86aac0eb5f5dbbbb7bea2c1002624093b4,0x212cf6088b741a59b089fa76429aa54768d15621,true,0,Open,0x0000000000000000000000000000000000000000
5681,0xc695795613bb973bcac08c5109921ff84cb276bb,0x7c82a8da3c180e8df2f8e6568ba589fce2377887,0xc695795613bb973bcac08c5109921ff84cb276bb,true,0,Open,0x0000000000000000000000000000000000000000
5965,0x900e550ecbb3e01c517fdffdfa97091e56216419,0x27eb73b5ee1adcd89122c71ce2a0f1881299fdb5,0x900e550ecbb3e01c517fdffdfa97091e56216419,true,0,Open,0x0000000000000000000000000000000000000000
6249,0xafe6dd950dc2cf561e8daba1725e0e6840f70549,0xafe6dd950dc2cf561e8daba1725e0e6840f70549,0xafe6dd950dc2cf561e8daba1725e0e6840f70549,true,0.05,Funded,0x0000000000000000000000000000000000000000
6533,0x047d4c39e04ff49136ce3ddeb2be6cb57bcf7859,0x18c5265a1039d34af5dc0841859d56e502c0434f,0x047d4c39e04ff49136ce3ddeb2be6cb57bcf7859,true,0,Open,0x0000000000000000000000000000000000000000
6817,0x047d4c39e04ff49136ce3ddeb2be6cb57bcf7859,0x18c5265a1039d34af5dc0841859d56e502c0434f,0x047d4c39e04ff49136ce3ddeb2be6cb57bcf7859,true,0,Open,0x0000000000000000000000000000000000000000
7101,0x047d4c39e04ff49136ce3ddeb2be6cb57bcf7859,0x18c5265a1039d34af5dc0841859d56e502c0434f,0x047d4c39e04ff49136ce3ddeb2be6cb57bcf7859,true,0.1,Completed,0x0000000000000000000000000000000000000000
7385,0x047d4c39e04ff49136ce3ddeb2be6cb57bcf7859,0x18c5265a1039d34af5dc0841859d56e502c0434f,0x047d4c39e04ff49136ce3ddeb2be6cb57bcf7859,true,0,Open,0x0000000000000000000000000000000000000000
7669,0x047d4c39e04ff49136ce3ddeb2be6cb57bcf7859,0x18c5265a1039d34af5dc0841859d56e502c0434f,0x047d4c39e04ff49136ce3ddeb2be6cb57bcf7859,true,0.1,Completed,0x0000000000000000000000000000000000000000
7953,0x047d4c39e04ff49136ce3ddeb2be6cb57bcf7859,0x18c5265a1039d34af5dc0841859d56e502c0434f,0x047d4c39e04ff49136ce3ddeb2be6cb57bcf7859,true,0,Open,0x0000000000000000000000000000000000000000
8237,0x12523d5ab6c5a1deebd1784fd56ef33460c62345,0xc38e8f6ae9dc8c60cc99795deda57d9eb4572b72,0x12523d5ab6c5a1deebd1784fd56ef33460c62345,true,0,Open,0x0000000000000000000000000000000000000000
8521,0x3f55dad7f08149963c46c227abf7228e8aa4b031,0x3f55dad7f08149963c46c227abf7228e8aa4b031,0x3f55dad7f08149963c46c227abf7228e8aa4b031,true,5,Completed,0x0000000000000000000000000000000000000000
8805,0x2f9946ef56e50944910ecb4c159dd258ec3d8dec,0x27eb73b5ee1adcd89122c71ce2a0f1881299fdb5,0x2f9946ef56e50944910ecb4c159dd258ec3d8dec,true,0,Open,0x0000000000000000000000000000000000000000
9089,0x6fc0b5610ed90c5037ae24b9ab355ce40f680440,0x98e0e972fe74d9a1c22fc47670be81a0b65d63b7,0x6fc0b5610ed90c5037ae24b9ab355ce40f680440,true,0,Open,0x0000000000000000000000000000000000000000
9373,0xbeebf7e92e56a5848e77a2a2dcfbd97d7ac007c4,0x27eb73b5ee1adcd89122c71ce2a0f1881299fdb5,0xbeebf7e92e56a5848e77a2a2dcfbd97d7ac007c4,true,0,Open,0x0000000000000000000000000000000000000000
9657,0x047d4c39e04ff49136ce3ddeb2be6cb57bcf7859,0x18c5265a1039d34af5dc0841859d56e502c0434f,0x047d4c39e04ff49136ce3ddeb2be6cb57bcf7859,true,0.1,Open,0x0000000000000000000000000000000000000000
9941,0x52f4cb73bdc119b8612fd87b008a872c6a906e5d,0x27eb73b5ee1adcd89122c71ce2a0f1881299fdb5,0x52f4cb73bdc119b8612fd87b008a872c6a906e5d,true,0,Open,0x0000000000000000000000000000000000000000
10225,0xd4933cf11a910898fef81c822fed95806de84596,0x27eb73b5ee1adcd89122c71ce2a0f1881299fdb5,0xd4933cf11a910898fef81c822fed95806de84596,true,0,Open,0x0000000000000000000000000000000000000000
10509,0x7a4ee5670e7af280253246d7266882bd2513fead,0x7c82a8da3c180e8df2f8e6568ba589fce2377887,0x7a4ee5670e7af280253246d7266882bd2513fead,true,0,Open,0x0000000000000000000000000000000000000000
10793,0xca889bef304031dd55473dcfee1eac4ca0957a32,0x7c82a8da3c180e8df2f8e6568ba589fce2377887,0xca889bef304031dd55473dcfee1eac4ca0957a32,true,0,Open,0x0000000000000000000000000000000000000000
11077,0x8537cb8cf7d24d892f3ff40bd775e8289c4a5434,0x27eb73b5ee1adcd89122c71ce2a0f1881299fdb5,0x8537cb8cf7d24d892f3ff40bd775e8289c4a5434,true,0,Open,0x0000000000000000000000000000000000000000
11361,0xacceb469cf212a0c796f06db52c0f362b5500c31,0x98e0e972fe74d9a1c22fc47670be81a0b65d63b7,0xacceb469cf212a0c796f06db52c0f362b5500c31,true,0,Open,0x0000000000000000000000000000000000000000
11645,0x8656b82d995898d20b1f0aace77636fd9c39b33b,0xb5fa6c635b6b437a975c5a8749cd41625e4ae931,0x8656b82d995898d20b1f0aace77636fd9c39b33b,true,0,Open,0x0000000000000000000000000000000000000000
11929,0xe34ff1d2c925ddafb28c95c2396fc49a6f64569e,0x4640629414dd89ef6758854413f571117d525d3b,0xe34ff1d2c925ddafb28c95c2396fc49a6f64569e,true,0.0001,Completed,0x0000000000000000000000000000000000000000
12213,0xaa82cba9ca965ae11c23bca2b962856e213711ac,0xb5fa6c635b6b437a975c5a8749cd41625e4ae931,0xaa82cba9ca965ae11c23bca2b962856e213711ac,true,0,Open,0x0000000000000000000000000000000000000000
12497,0xe34ff1d2c925ddafb28c95c2396fc49a6f64569e,0x4640629414dd89ef6758854413f571117d525d3b,0xe34ff1d2c925ddafb28c95c2396fc49a6f64569e,true,0.0001,Completed,0x0000000000000000000000000000000000000000
12781,0xe34ff1d2c925ddafb28c95c2396fc49a6f64569e,0x4640629414dd89ef6758854413f571117d525d3b,0xe34ff1d2c925ddafb28c95c2396fc49a6f64569e,true,0.0001,Completed,0x0000000000000000000000000000000000000000
13065,0xe34ff1d2c925ddafb28c95c2396fc49a6f64569e,0x4640629414dd89ef6758854413f571117d525d3b,0xe34ff1d2c925ddafb28c95c2396fc49a6f64569e,true,0.0001,Completed,0x0000000000000000000000000000000000000000
13349,0x3d8da7402b2bb92a965186855520c860f1df2b40,0x27eb73b5ee1adcd89122c71ce2a0f1881299fdb5,0x3d8da7402b2bb92a965186855520c860f1df2b40,true,0,Open,0x0000000000000000000000000000000000000000
13633,0x1453141466d37193e27d5b82eb64b719290cd030,0x1453141466d37193e27d5b82eb64b719290cd030,0x1453141466d37193e27d5b82eb64b719290cd030,true,0,Open,0x0000000000000000000000000000000000000000
13917,0xa2e598b60826ad8026c008e9815457e40e6d331f,0x09bc28e3dee226fb432554911a9ce89eeef02d1a,0xa284ec59340f6b6da14c099c6284dcef3395482c,false,1,Completed,0x0000000000000000000000000000000000000000
14201,0x3395060a83e343587319a62fa589e21300e727c9,0xc4d70cbb652dec72ccc847b22b9a9bf53045ea51,0x3395060a83e343587319a62fa589e21300e727c9,true,0.5,Completed,0x0000000000000000000000000000000000000000
14485,0xa2e598b60826ad8026c008e9815457e40e6d331f,0x09bc28e3dee226fb432554911a9ce89eeef02d1a,0xa284ec59340f6b6da14c099c6284dcef3395482c,false,1,Completed,0x0000000000000000000000000000000000000000
14769,0xa0174fdda46f36bd143acc9ca8de47e830381f19,0x7c82a8da3c180e8df2f8e6568ba589fce2377887,0xa0174fdda46f36bd143acc9ca8de47e830381f19,true,0,Open,0x0000000000000000000000000000000000000000
15053,0x3395060a83e343587319a62fa589e21300e727c9,0xc4d70cbb652dec72ccc847b22b9a9bf53045ea51,0x3395060a83e343587319a62fa589e21300e727c9,true,0.5,Completed,0x0000000000000000000000000000000000000000
15337,0xe34ff1d2c925ddafb28c95c2396fc49a6f64569e,0x4640629414dd89ef6758854413f571117d525d3b,0xe34ff1d2c925ddafb28c95c2396fc49a6f64569e,true,0.0001,Completed,0x0000000000000000000000000000000000000000
15621,0x4dd9de47bd627ae9ed58a93a6d224c4185448182,0xa2c9ed02733d21f36a7f6cbfc324705b695fb259,0x4dd9de47bd627ae9ed58a93a6d224c4185448182,true,0,Open,0x0000000000000000000000000000000000000000
15905,0x3395060a83e343587319a62fa589e21300e727c9,0xc4d70cbb652dec72ccc847b22b9a9bf53045ea51,0x3395060a83e343587319a62fa589e21300e727c9,true,2,Open,0x0000000000000000000000000000000000000000
16189,0x3d8da7402b2bb92a965186855520c860f1df2b40,0x27eb73b5ee1adcd89122c71ce2a0f1881299fdb5,0x3d8da7402b2bb92a965186855520c860f1df2b40,true,0,Open,0x0000000000000000000000000000000000000000
16473,0x8070f3704ec2f9376ddd26a9050504a7c33b32ad,0x27eb73b5ee1adcd89122c71ce2a0f1881299fdb5,0x8070f3704ec2f9376ddd26a9050504a7c33b32ad,true,0,Open,0x0000000000000000000000000000000000000000
16757,0xf5c5d4dc1326b463ad33f93300d4deaaba1c145b,0x98e0e972fe74d9a1c22fc47670be81a0b65d63b7,0xf5c5d4dc1326b463ad33f93300d4deaaba1c145b,true,0,Open,0x0000000000000000000000000000000000000000
17041,0xe34ff1d2c925ddafb28c95c2396fc49a6f64569e,0x4640629414dd89ef6758854413f571117d525d3b,0xe34ff1d2c925ddafb28c95c2396fc49a6f64569e,true,0.0001,Completed,0x0000000000000000000000000000000000000000
17325,0xa2e598b60826ad8026c008e9815457e40e6d331f,0x09bc28e3dee226fb432554911a9ce89eeef02d1a,0xa284ec59340f6b6da14c099c6284dcef3395482c,false,1,Completed,0x0000000000000000000000000000000000000000
17609,0x09bc28e3dee226fb432554911a9ce89eeef02d1a,0xa284ec59340f6b6da14c099c6284dcef3395482c,0x46a893f7506e98c2c88a85e06bc6a7e08bf02525,false,1,Completed,0x0000000000000000000000000000000000000000
17893,0xa284ec59340f6b6da14c099c6284dcef3395482c,0x46a893f7506e98c2c88a85e06bc6a7e08bf02525,0x4911e51c3e1243aca1d313c75c31a322e7e494dc,false,1,Completed,0x0000000000000000000000000000000000000000
18177,0xabcfc5b9b9ce53c7154832095da878cf875125e4,0x27eb73b5ee1adcd89122c71ce2a0f1881299fdb5,0xabcfc5b9b9ce53c7154832095da878cf875125e4,true,0,Open,0x0000000000000000000000000000000000000000
18461,0x2e1c908b5fe37136f6cf6aa5b52b1d230f4e30cb,0x922703ca9f9dad17367b5dc48254d80ce3e27930,0x2e1c908b5fe37136f6cf6aa5b52b1d230f4e30cb,true,0,Open,0x0000000000000000000000000000000000000000
18745,0xf8ef65e0cb8450cbf71f99c780ff248b84effde3,0x98e0e972fe74d9a1c22fc47670be81a0b65d63b7,0xf8ef65e0cb8450cbf71f99c780ff248b84effde3,true,0,Open,0x0000000000000000000000000000000000000000
19029,0xa2e598b60826ad8026c008e9815457e40e6d331f,0x09bc28e3dee226fb432554911a9ce89eeef02d1a,0xa284ec59340f6b6da14c099c6284dcef3395482c,false,1,Completed,0x0000000000000000000000000000000000000000
19313,0xa2e598b60826ad8026c008e9815457e40e6d331f,0x09bc28e3dee226fb432554911a9ce89eeef02d1a,0xa284ec59340f6b6da14c099c6284dcef3395482c,false,1,Completed,0x0000000000000000000000000000000000000000
19597,0xe34ff1d2c925ddafb28c95c2396fc49a6f64569e,0x4640629414dd89ef6758854413f571117d525d3b,0xe34ff1d2c925ddafb28c95c2396fc49a6f64569e,true,0.0001,Completed,0x0000000000000000000000000000000000000000
19881,0xe34ff1d2c925ddafb28c95c2396fc49a6f64569e,0x4640629414dd89ef6758854413f571117d525d3b,0xe34ff1d2c925ddafb28c95c2396fc49a6f64569e,true,0.0001,Completed,0x0000000000000000000000000000000000000000
20165,0x4911e51c3e1243aca1d313c75c31a322e7e494dc,0xa2e598b60826ad8026c008e9815457e40e6d331f,0x09bc28e3dee226fb432554911a9ce89eeef02d1a,false,1,Completed,0x0000000000000000000000000000000000000000
20449,0xe34ff1d2c925ddafb28c95c2396fc49a6f64569e,0x4640629414dd89ef6758854413f571117d525d3b,0xe34ff1d2c925ddafb28c95c2396fc49a6f64569e,true,0.0001,Completed,0x0000000000000000000000000000000000000000
20733,0xe34ff1d2c925ddafb28c95c2396fc49a6f64569e,0x4640629414dd89ef6758854413f571117d525d3b,0xe34ff1d2c925ddafb28c95c2396fc49a6f64569e,true,0.0001,Completed,0x0000000000000000000000000000000000000000
21017,0xe34ff1d2c925ddafb28c95c2396fc49a6f64569e,0x4640629414dd89ef6758854413f571117d525d3b,0xe34ff1d2c925ddafb28c95c2396fc49a6f64569e,true,0.0001,Completed,0x0000000000000000000000000000000000000000
21301,0x5d7285214e2977c1b8745ed085107dfbc9b3674c,0x0000000000000000000000000000000000000000,0x34177d9a784479629d33be77be884557a7c30cf4,false,0,Open,0x0000000000000000000000000000000000000000
21585,0x8f7dfc388dae675995c6bfc54aebe3376619fecc,0x98e0e972fe74d9a1c22fc47670be81a0b65d63b7,0x8f7dfc388dae675995c6bfc54aebe3376619fecc,true,0,Open,0x0000000000000000000000000000000000000000
21869,0xe34ff1d2c925ddafb28c95c2396fc49a6f64569e,0x4640629414dd89ef6758854413f571117d525d3b,0xe34ff1d2c925ddafb28c95c2396fc49a6f64569e,true,0.0001,Completed,0x0000000000000000000000000000000000000000
22153,0xe34ff1d2c925ddafb28c95c2396fc49a6f64569e,0x4640629414dd89ef6758854413f571117d525d3b,0xe34ff1d2c925ddafb28c95c2396fc49a6f64569e,true,0.0001,Completed,0x0000000000000000000000000000000000000000
22437,0xe34ff1d2c925ddafb28c95c2396fc49a6f64569e,0x4640629414dd89ef6758854413f571117d525d3b,0xe34ff1d2c925ddafb28c95c2396fc49a6f64569e,true,0.0001,Completed,0x0000000000000000000000000000000000000000
22721,0xa2e598b60826ad8026c008e9815457e40e6d331f,0x09bc28e3dee226fb432554911a9ce89eeef02d1a,0xa284ec59340f6b6da14c099c6284dcef3395482c,false,1,Completed,0x0000000000000000000000000000000000000000
23005,0xa2e598b60826ad8026c008e9815457e40e6d331f,0x09bc28e3dee226fb432554911a9ce89eeef02d1a,0xa284ec59340f6b6da14c099c6284dcef3395482c,false,1,Completed,0x0000000000000000000000000000000000000000
23289,0xe34ff1d2c925ddafb28c95c2396fc49a6f64569e,0x4640629414dd89ef6758854413f571117d525d3b,0xe34ff1d2c925ddafb28c95c2396fc49a6f64569e,true,0.0001,Completed,0x0000000000000000000000000000000000000000
23573,0x1bfdfa755f6ff5c9ad374f54acb087b7ec662964,0xb5fa6c635b6b437a975c5a8749cd41625e4ae931,0x1bfdfa755f6ff5c9ad374f54acb087b7ec662964,true,0,Open,0x0000000000000000000000000000000000000000
23857,0x271a900e8f0f81c90bb30f433ae5301f04af58a5,0xb2e814e2c5dcb3db3d2425e6621c870b7a163010,0x271a900e8f0f81c90bb30f433ae5301f04af58a5,true,0,Open,0x0000000000000000000000000000000000000000
24141,0xf3a211d58ab6b39983ca4b8d84f9f46adf56fb53,0xb5fa6c635b6b437a975c5a8749cd41625e4ae931,0xf3a211d58ab6b39983ca4b8d84f9f46adf56fb53,true,0,Open,0x0000000000000000000000000000000000000000
24425,0x50481ecb7bb2e0ed25378c28134202a99585e309,0xb5fa6c635b6b437a975c5a8749cd41625e4ae931,0x50481ecb7bb2e0ed25378c28134202a99585e309,true,0,Open,0x0000000000000000000000000000000000000000
24709,0xe34ff1d2c925ddafb28c95c2396fc49a6f64569e,0x4640629414dd89ef6758854413f571117d525d3b,0xe34ff1d2c925ddafb28c95c2396fc49a6f64569e,true,0.0001,Completed,0x0000000000000000000000000000000000000000
24993,0xf9f08d8548dd669a29867439e2294bfdf0f1696b,0x0000000000000000000000000000000000000000,0x03c25788918377f9ac14ec6b54744c4b4c12ee18,false,0,Open,0x0000000000000000000000000000000000000000
25277,0x4911e51c3e1243aca1d313c75c31a322e7e494dc,0xa2e598b60826ad8026c008e9815457e40e6d331f,0x09bc28e3dee226fb432554911a9ce89eeef02d1a,false,1,Completed,0x0000000000000000000000000000000000000000
25561,0xe34ff1d2c925ddafb28c95c2396fc49a6f64569e,0x4640629414dd89ef6758854413f571117d525d3b,0xe34ff1d2c925ddafb28c95c2396fc49a6f64569e,true,0.0001,Completed,0x0000000000000000000000000000000000000000
25845,0x624da2013ef26e0a6d7ec7360482655e6631c9fb,0x624da2013ef26e0a6d7ec7360482655e6631c9fb,0xdb8a8cba0746b276ac3b4e0aeab1a22c2599cfeb,false,0,Open,0x0000000000000000000000000000000000000000
26129,0xe34ff1d2c925ddafb28c95c2396fc49a6f64569e,0x4640629414dd89ef6758854413f571117d525d3b,0xe34ff1d2c925ddafb28c95c2396fc49a6f64569e,true,0.0001,Completed,0x0000000000000000000000000000000000000000
26413,0xb0faf3f8e44c57d2cb29575d9b420ff3694947c7,0xb2e814e2c5dcb3db3d2425e6621c870b7a163010,0xb0faf3f8e44c57d2cb29575d9b420ff3694947c7,true,0,Open,0x0000000000000000000000000000000000000000
26697,0xe34ff1d2c925ddafb28c95c2396fc49a6f64569e,0x4640629414dd89ef6758854413f571117d525d3b,0xe34ff1d2c925ddafb28c95c2396fc49a6f64569e,true,0.0001,Completed,0x0000000000000000000000000000000000000000
26981,0xe34ff1d2c925ddafb28c95c2396fc49a6f64569e,0x4640629414dd89ef6758854413f571117d525d3b,0xe34ff1d2c925ddafb28c95c2396fc49a6f64569e,true,0.0001,Completed,0x0000000000000000000000000000000000000000
27265,0xd136b5a7752e80a4a5c3643fcff615e6bdcbd9c1,0x72a4b0d5cffb4cf2a53b1b8b3ffff192979e1040,0xa939822fe10ec84e8ab2e4cdd024d73208ef43f4,false,0.333696,Completed,0x0000000000000000000000000000000000000000
27549,0x09bc28e3dee226fb432554911a9ce89eeef02d1a,0xa284ec59340f6b6da14c099c6284dcef3395482c,0x46a893f7506e98c2c88a85e06bc6a7e08bf02525,false,1,Completed,0x0000000000000000000000000000000000000000
27833,0x4a245c224a97b1650fb643a748c7cd8dd5dce74b,0x14e09a86aac0eb5f5dbbbb7bea2c1002624093b4,0x4a245c224a97b1650fb643a748c7cd8dd5dce74b,true,0,Open,0x0000000000000000000000000000000000000000
28117,0xe34ff1d2c925ddafb28c95c2396fc49a6f64569e,0x4640629414dd89ef6758854413f571117d525d3b,0xe34ff1d2c925ddafb28c95c2396fc49a6f64569e,true,0.0001,Completed,0x0000000000000000000000000000000000000000
28401,0xf8c3e41400d09b49fec37bbd7880191191c284aa,0xf8c3e41400d09b49fec37bbd7880191191c284aa,0xf8c3e41400d09b49fec37bbd7880191191c284aa,true,0,Open,0x0000000000000000000000000000000000000000
28685,0xd82c90bd1141a23ea7921f40782e6db076ce6966,0xd82c90bd1141a23ea7921f40782e6db076ce6966,0xd82c90bd1141a23ea7921f40782e6db076ce6966,true,0,Completed,0x0000000000000000000000000000000000000000
28969,0x4e02c4291b74fd989db87d17026f77293f9cc6f2,0x4e02c4291b74fd989db87d17026f77293f9cc6f2,0x4e02c4291b74fd989db87d17026f77293f9cc6f2,true,0,Completed,0x0000000000000000000000000000000000000000
29253,0xf55acfa7fb13030af81df3ebb4091ad525182920,0xf55acfa7fb13030af81df3ebb4091ad525182920,0xb2f9d9aafe9cf3fb662eed1a7640f8dec26380e1,false,0,Open,0x0000000000000000000000000000000000000000
29537,0xf8c3e41400d09b49fec37bbd7880191191c284aa,0xf8c3e41400d09b49fec37bbd7880191191c284aa,0xf8c3e41400d09b49fec37bbd7880191191c284aa,true,0,Completed,0x0000000000000000000000000000000000000000
29821,0xf8c3e41400d09b49fec37bbd7880191191c284aa,0xf8c3e41400d09b49fec37bbd7880191191c284aa,0xf8c3e41400d09b49fec37bbd7880191191c284aa,true,0,Completed,0x0000000000000000000000000000000000000000
30105,0xb3e7d84e5740c725a1e239aeef29cc8a79d835f1,0xb3e7d84e5740c725a1e239aeef29cc8a79d835f1,0xb3e7d84e5740c725a1e239aeef29cc8a79d835f1,true,0,Completed,0x0000000000000000000000000000000000000000
30389,0xe34ff1d2c925ddafb28c95c2396fc49a6f64569e,0x4640629414dd89ef6758854413f571117d525d3b,0xe34ff1d2c925ddafb28c95c2396fc49a6f64569e,true,0.0001,Completed,0x0000000000000000000000000000000000000000
30673,0xe34ff1d2c925ddafb28c95c2396fc49a6f64569e,0x4640629414dd89ef6758854413f571117d525d3b,0xe34ff1d2c925ddafb28c95c2396fc49a6f64569e,true,0.0001,Completed,0x0000000000000000000000000000000000000000
30957,0xb8d6f052a25df14ac77788954ae8a7c95d42d53a,0x54194067d5b67d9adda48992515b8dce10772972,0xb8d6f052a25df14ac77788954ae8a7c95d42d53a,true,0,Open,0x0000000000000000000000000000000000000000
31241,0x4e02c4291b74fd989db87d17026f77293f9cc6f2,0x4e02c4291b74fd989db87d17026f77293f9cc6f2,0x4e02c4291b74fd989db87d17026f77293f9cc6f2,true,0,Completed,0x0000000000000000000000000000000000000000
31525,0x1453141466d37193e27d5b82eb64b719290cd030,0x1453141466d37193e27d5b82eb64b719290cd030,0x1453141466d37193e27d5b82eb64b719290cd030,true,0,Funded,0x0000000000000000000000000000000000000000
31809,0x981f86ec118dc954fd1b22567e52aa9293bac784,0x981f86ec118dc954fd1b22567e52aa9293bac784,0x981f86ec118dc954fd1b22567e52aa9293bac784,true,0,Funded,0x0000000000000000000000000000000000000000
32093,0xd82c90bd1141a23ea7921f40782e6db076ce6966,0xd82c90bd1141a23ea7921f40782e6db076ce6966,0xd82c90bd1141a23ea7921f40782e6db076ce6966,true,0,Completed,0x0000000000000000000000000000000000000000
32377,0xd82c90bd1141a23ea7921f40782e6db076ce6966,0xafe6dd950dc2cf561e8daba1725e0e6840f70549,0xafe6dd950dc2cf561e8daba1725e0e6840f70549,false,0.05,Open,0x0000000000000000000000000000000000000000
32661,0xd82c90bd1141a23ea7921f40782e6db076ce6966,0xafe6dd950dc2cf561e8daba1725e0e6840f70549,0xafe6dd950dc2cf561e8daba1725e0e6840f70549,false,0.05,Funded,0x0000000000000000000000000000000000000000
32945,0xb3e7d84e5740c725a1e239aeef29cc8a79d835f1,0xb3e7d84e5740c725a1e239aeef29cc8a79d835f1,0xb3e7d84e5740c725a1e239aeef29cc8a79d835f1,true,0,Open,0x0000000000000000000000000000000000000000
33229,0xa24689956ea3ae5e4ccec37337b8b81cf466ed43,0xa24689956ea3ae5e4ccec37337b8b81cf466ed43,0xa24689956ea3ae5e4ccec37337b8b81cf466ed43,true,0,Open,0x0000000000000000000000000000000000000000
33513,0xa284ec59340f6b6da14c099c6284dcef3395482c,0x46a893f7506e98c2c88a85e06bc6a7e08bf02525,0x4911e51c3e1243aca1d313c75c31a322e7e494dc,false,1,Completed,0x0000000000000000000000000000000000000000
33797,0xf8c3e41400d09b49fec37bbd7880191191c284aa,0xf8c3e41400d09b49fec37bbd7880191191c284aa,0xf8c3e41400d09b49fec37bbd7880191191c284aa,true,0,Completed,0x0000000000000000000000000000000000000000
34081,0xba7984e0989b8c69753ada64ab51872818c614b1,0x0000000000000000000000000000000000000000,0x1ebfed8d4efea54c558fd437a522a05292b1c847,false,0,Open,0x0000000000000000000000000000000000000000
34365,0x689b571c7c2f3722f62628b1804859584223cd37,0x88d9038c61b46d041fc21ff92a7be51906c6c6cc,0x689b571c7c2f3722f62628b1804859584223cd37,true,0,Open,0x0000000000000000000000000000000000000000
34649,0x36e05c31972787098e841f018ecd97df2494fe36,0x36e05c31972787098e841f018ecd97df2494fe36,0x36e05c31972787098e841f018ecd97df2494fe36,true,0,Completed,0x0000000000000000000000000000000000000000
34933,0xf8c3e41400d09b49fec37bbd7880191191c284aa,0xf8c3e41400d09b49fec37bbd7880191191c284aa,0xf8c3e41400d09b49fec37bbd7880191191c284aa,true,0,Completed,0x0000000000000000000000000000000000000000
35217,0x3c7ef93c4a7b1a076d6740c8a80e427d046b1d46,0x88d9038c61b46d041fc21ff92a7be51906c6c6cc,0x3c7ef93c4a7b1a076d6740c8a80e427d046b1d46,true,0,Open,0x0000000000000000000000000000000000000000
35501,0xd62e1f091a1453414d04285da33d38839161a8ba,0xb5fa6c635b6b437a975c5a8749cd41625e4ae931,0xd62e1f091a1453414d04285da33d38839161a8ba,true,0,Open,0x0000000000000000000000000000000000000000
35785,0x8ce137f9ec2a7a235fcd7ef9d77b8286c52bd3bb,0x922703ca9f9dad17367b5dc48254d80ce3e27930,0x8ce137f9ec2a7a235fcd7ef9d77b8286c52bd3bb,true,0,Open,0x0000000000000000000000000000000000000000
36069,0xca4ffd1c27f05aaf62d7935560d5a5dd8b8b6d0e,0xd867647b431cc6fd354e1c261a9c05d6cc999999,0xca4ffd1c27f05aaf62d7935560d5a5dd8b8b6d0e,true,1,Completed,0x0000000000000000000000000000000000000000
36353,0x4911e51c3e1243aca1d313c75c31a322e7e494dc,0xa2e598b60826ad8026c008e9815457e40e6d331f,0x09bc28e3dee226fb432554911a9ce89eeef02d1a,false,1,Completed,0x0000000000000000000000000000000000000000
36637,0x4911e51c3e1243aca1d313c75c31a322e7e494dc,0xa2e598b60826ad8026c008e9815457e40e6d331f,0x09bc28e3dee226fb432554911a9ce89eeef02d1a,false,1,Completed,0x0000000000000000000000000000000000000000
36921,0x46a893f7506e98c2c88a85e06bc6a7e08bf02525,0x4911e51c3e1243aca1d313c75c31a322e7e494dc,0xa2e598b60826ad8026c008e9815457e40e6d331f,false,1,Completed,0x0000000000000000000000000000000000000000
37205,0xd057dd109a22253e001bb3df7b920c71e8f2ea27,0xb2e814e2c5dcb3db3d2425e6621c870b7a163010,0xd057dd109a22253e001bb3df7b920c71e8f2ea27,true,0,Open,0x0000000000000000000000000000000000000000
37489,0xa2e598b60826ad8026c008e9815457e40e6d331f,0x09bc28e3dee226fb432554911a9ce89eeef02d1a,0xa284ec59340f6b6da14c099c6284dcef3395482c,false,1,Completed,0x0000000000000000000000000000000000000000
37773,0x09bc28e3dee226fb432554911a9ce89eeef02d1a,0xa284ec59340f6b6da14c099c6284dcef3395482c,0x46a893f7506e98c2c88a85e06bc6a7e08bf02525,false,1,Completed,0x0000000000000000000000000000000000000000
38057,0x61d42ff39e1ab63f072f2ffde5b074bb9c3c6328,0x0000000000000000000000000000000000000000,0xaa3c63f3982c077263ce852eebc042fc484822fe,false,0,Open,0x0000000000000000000000000000000000000000
38341,0xca4ffd1c27f05aaf62d7935560d5a5dd8b8b6d0e,0xd867647b431cc6fd354e1c261a9c05d6cc999999,0xca4ffd1c27f05aaf62d7935560d5a5dd8b8b6d0e,true,1,Completed,0x0000000000000000000000000000000000000000
38625,0xb171ca2833a159bc96f6b814da7c7e4cddd6e687,0x88d9038c61b46d041fc21ff92a7be51906c6c6cc,0xb171ca2833a159bc96f6b814da7c7e4cddd6e687,true,0,Open,0x0000000000000000000000000000000000000000
38909,0xca4ffd1c27f05aaf62d7935560d5a5dd8b8b6d0e,0xd867647b431cc6fd354e1c261a9c05d6cc999999,0xca4ffd1c27f05aaf62d7935560d5a5dd8b8b6d0e,true,1,Completed,0x0000000000000000000000000000000000000000
39193,0xca4ffd1c27f05aaf62d7935560d5a5dd8b8b6d0e,0xd867647b431cc6fd354e1c261a9c05d6cc999999,0xca4ffd1c27f05aaf62d7935560d5a5dd8b8b6d0e,true,1,Completed,0x0000000000000000000000000000000000000000
39477,0x46a893f7506e98c2c88a85e06bc6a7e08bf02525,0x4911e51c3e1243aca1d313c75c31a322e7e494dc,0xa2e598b60826ad8026c008e9815457e40e6d331f,false,1,Completed,0x0000000000000000000000000000000000000000
39761,0xf493e756ffcdbe0f61a3a33f37d4e90acddd9693,0x59704cf5c08a3d69159d21c5b11231282d2f58a9,0xf493e756ffcdbe0f61a3a33f37d4e90acddd9693,true,0,Open,0x0000000000000000000000000000000000000000
40045,0x09bc28e3dee226fb432554911a9ce89eeef02d1a,0xa284ec59340f6b6da14c099c6284dcef3395482c,0x46a893f7506e98c2c88a85e06bc6a7e08bf02525,false,1,Completed,0x0000000000000000000000000000000000000000
40329,0x8a1e15967daa09de7b30ced44e0d16f1bb6cf8df,0x0000000000000000000000000000000000000000,0x65620d3f1460253930265647047be217fa63d5a8,false,0,Open,0x0000000000000000000000000000000000000000
40613,0x028c8f8d440c771da29858679230e372243730ec,0x922703ca9f9dad17367b5dc48254d80ce3e27930,0x028c8f8d440c771da29858679230e372243730ec,true,0,Open,0x0000000000000000000000000000000000000000
40897,0xca4ffd1c27f05aaf62d7935560d5a5dd8b8b6d0e,0xd867647b431cc6fd354e1c261a9c05d6cc999999,0xca4ffd1c27f05aaf62d7935560d5a5dd8b8b6d0e,true,1,Completed,0x0000000000000000000000000000000000000000
41181,0x4911e51c3e1243aca1d313c75c31a322e7e494dc,0xa2e598b60826ad8026c008e9815457e40e6d331f,0x09bc28e3dee226fb432554911a9ce89eeef02d1a,false,1,Completed,0x0000000000000000000000000000000000000000
41465,0x64d68a896319afa5e4c5d6fc824e09788fc339f8,0x7c82a8da3c180e8df2f8e6568ba589fce2377887,0x64d68a896319afa5e4c5d6fc824e09788fc339f8,true,0,Open,0x0000000000000000000000000000000000000000
41749,0xa2e598b60826ad8026c008e9815457e40e6d331f,0x09bc28e3dee226fb432554911a9ce89eeef02d1a,0xa284ec59340f6b6da14c099c6284dcef3395482c,false,1,Completed,0x0000000000000000000000000000000000000000
42033,0x36e05c31972787098e841f018ecd97df2494fe36,0x36e05c31972787098e841f018ecd97df2494fe36,0x36e05c31972787098e841f018ecd97df2494fe36,true,0,Open,0x0000000000000000000000000000000000000000
42317,0xca4ffd1c27f05aaf62d7935560d5a5dd8b8b6d0e,0xd867647b431cc6fd354e1c261a9c05d6cc999999,0xca4ffd1c27f05aaf62d7935560d5a5dd8b8b6d0e,true,1,Completed,0x0000000000000000000000000000000000000000
42601,0xca4ffd1c27f05aaf62d7935560d5a5dd8b8b6d0e,0xd867647b431cc6fd354e1c261a9c05d6cc999999,0xca4ffd1c27f05aaf62d7935560d5a5dd8b8b6d0e,true,1,Completed,0x0000000000000000000000000000000000000000
42885,0xca4ffd1c27f05aaf62d7935560d5a5dd8b8b6d0e,0xd867647b431cc6fd354e1c261a9c05d6cc999999,0xca4ffd1c27f05aaf62d7935560d5a5dd8b8b6d0e,true,1,Completed,0x0000000000000000000000000000000000000000
43169,0xd82c90bd1141a23ea7921f40782e6db076ce6966,0xd82c90bd1141a23ea7921f40782e6db076ce6966,0xd82c90bd1141a23ea7921f40782e6db076ce6966,true,0,Open,0x0000000000000000000000000000000000000000
43453,0x1453141466d37193e27d5b82eb64b719290cd030,0x1453141466d37193e27d5b82eb64b719290cd030,0x1453141466d37193e27d5b82eb64b719290cd030,true,0,Completed,0x0000000000000000000000000000000000000000
43737,0x466c37d98a1c1b0256f94940a62176e12a80eb44,0x922703ca9f9dad17367b5dc48254d80ce3e27930,0x466c37d98a1c1b0256f94940a62176e12a80eb44,true,0,Open,0x0000000000000000000000000000000000000000
44021,0xd78eac9aec098cf951f4ef94c028241efffb380a,0x0000000000000000000000000000000000000000,0xb55456469e0c1c4a8ec43b29b1f51819491c339c,false,0,Open,0x0000000000000000000000000000000000000000
44305,0x53edbb42bc541b346b2b79471c2ad3f81fb3f995,0xb5fa6c635b6b437a975c5a8749cd41625e4ae931,0x53edbb42bc541b346b2b79471c2ad3f81fb3f995,true,0,Open,0x0000000000000000000000000000000000000000
44589,0xca4ffd1c27f05aaf62d7935560d5a5dd8b8b6d0e,0xd867647b431cc6fd354e1c261a9c05d6cc999999,0xca4ffd1c27f05aaf62d7935560d5a5dd8b8b6d0e,true,1,Completed,0x0000000000000000000000000000000000000000
44873,0xac5e1dc7fee6edf03b3a4d88e6309b3002d77ab7,0x59704cf5c08a3d69159d21c5b11231282d2f58a9,0xac5e1dc7fee6edf03b3a4d88e6309b3002d77ab7,true,0,Open,0x0000000000000000000000000000000000000000
45157,0x74028a24eaa5eded756a5923f3abff0d480c3f88,0xd06d2a54f807093f3cc74e2a668828e5484983a1,0xfe622e2628b6b6f14334cefb0517e93a4f9f2fbd,false,5,Completed,0x0000000000000000000000000000000000000000
45441,0x36e05c31972787098e841f018ecd97df2494fe36,0x36e05c31972787098e841f018ecd97df2494fe36,0x36e05c31972787098e841f018ecd97df2494fe36,true,0,Completed,0x0000000000000000000000000000000000000000
45725,0x36a724cf75e7607406ec34b80d0ca5ccdc31122c,0x0000000000000000000000000000000000000000,0x8c2ea541800f30584577b124065246fac2792876,false,0,Open,0x0000000000000000000000000000000000000000
46009,0x4d6bd72d6879446824d8e3846a16c4aed3e704bb,0x73ea32fdb7acae000dc1a51a2e5a04bd56fd2d60,0x4d6bd72d6879446824d8e3846a16c4aed3e704bb,true,5,Open,0x0000000000000000000000000000000000000000
46293,0xa24689956ea3ae5e4ccec37337b8b81cf466ed43,0xa24689956ea3ae5e4ccec37337b8b81cf466ed43,0xa24689956ea3ae5e4ccec37337b8b81cf466ed43,true,0,Completed,0x0000000000000000000000000000000000000000
46577,0x6b23d61e028e07c8543aa50c1ab1f4d97877e61d,0x14e09a86aac0eb5f5dbbbb7bea2c1002624093b4,0x6b23d61e028e07c8543aa50c1ab1f4d97877e61d,true,0,Open,0x0000000000000000000000000000000000000000
46861,0xca4ffd1c27f05aaf62d7935560d5a5dd8b8b6d0e,0xd867647b431cc6fd354e1c261a9c05d6cc999999,0xca4ffd1c27f05aaf62d7935560d5a5dd8b8b6d0e,true,1,Completed,0x0000000000000000000000000000000000000000
47145,0xca4ffd1c27f05aaf62d7935560d5a5dd8b8b6d0e,0xd867647b431cc6fd354e1c261a9c05d6cc999999,0xca4ffd1c27f05aaf62d7935560d5a5dd8b8b6d0e,true,1,Completed,0x0000000000000000000000000000000000000000
47429,0x981f86ec118dc954fd1b22567e52aa9293bac784,0x4e02c4291b74fd989db87d17026f77293f9cc6f2,0x1453141466d37193e27d5b82eb64b719290cd030,false,0,Open,0x0000000000000000000000000000000000000000
47713,0x1453141466d37193e27d5b82eb64b719290cd030,0x1453141466d37193e27d5b82eb64b719290cd030,0x1453141466d37193e27d5b82eb64b719290cd030,true,0,Completed,0x0000000000000000000000000000000000000000
47997,0x1453141466d37193e27d5b82eb64b719290cd030,0x1453141466d37193e27d5b82eb64b719290cd030,0x1453141466d37193e27d5b82eb64b719290cd030,true,0,Completed,0x0000000000000000000000000000000000000000
48281,0x768f5ba28a7e49ce0b941dfc913a24895004589f,0xa8f01f7b35d2bd389f209cf25564aeaafb25d852,0x768f5ba28a7e49ce0b941dfc913a24895004589f,true,0,Open,0x0000000000000000000000000000000000000000
48565,0xeb72dde5ac2da9495d3500ca2543d1ef9f3c85eb,0x0000000000000000000000000000000000000000,0x8f1e7764b75265a9951a0dcf03fe595c9a2a9b5e,false,0,Open,0x0000000000000000000000000000000000000000
48849,0xca4ffd1c27f05aaf62d7935560d5a5dd8b8b6d0e,0xd867647b431cc6fd354e1c261a9c05d6cc999999,0xca4ffd1c27f05aaf62d7935560d5a5dd8b8b6d0e,true,1,Completed,0x0000000000000000000000000000000000000000
49133,0xf8c3e41400d09b49fec37bbd7880191191c284aa,0x981f86ec118dc954fd1b22567e52aa9293bac784,0xf8c3e41400d09b49fec37bbd7880191191c284aa,true,1,Completed,0x0000000000000000000000000000000000000000
49417,0x41dd064c20cfec06f22d49ee89c062ebf0da5017,0x90960038761b58787522bbe64f7b355c13b2b58a,0x41dd064c20cfec06f22d49ee89c062ebf0da5017,true,1,Completed,0x0000000000000000000000000000000000000000
49701,0xa24689956ea3ae5e4ccec37337b8b81cf466ed43,0xd82c90bd1141a23ea7921f40782e6db076ce6966,0xa24689956ea3ae5e4ccec37337b8b81cf466ed43,true,1,Completed,0x0000000000000000000000000000000000000000
49985,0xd82c90bd1141a23ea7921f40782e6db076ce6966,0xd82c90bd1141a23ea7921f40782e6db076ce6966,0xd82c90bd1141a23ea7921f40782e6db076ce6966,true,0,Completed,0x0000000000000000000000000000000000000000
50269,0x4e02c4291b74fd989db87d17026f77293f9cc6f2,0x4e02c4291b74fd989db87d17026f77293f9cc6f2,0x4e02c4291b74fd989db87d17026f77293f9cc6f2,true,0,Completed,0x0000000000000000000000000000000000000000
50553,0xb3e7d84e5740c725a1e239aeef29cc8a79d835f1,0xf8c3e41400d09b49fec37bbd7880191191c284aa,0xb3e7d84e5740c725a1e239aeef29cc8a79d835f1,true,1,Completed,0x0000000000000000000000000000000000000000
50837,0x4e02c4291b74fd989db87d17026f77293f9cc6f2,0x4e02c4291b74fd989db87d17026f77293f9cc6f2,0x4e02c4291b74fd989db87d17026f77293f9cc6f2,true,0,Completed,0x0000000000000000000000000000000000000000
51121,0x92e9aac1ed7044487bc8d8128465c7e588d9e1b6,0xe94a73aeb28c452fb62677184960bb831b759333,0x92e9aac1ed7044487bc8d8128465c7e588d9e1b6,true,0,Open,0x0000000000000000000000000000000000000000
51405,0xca4ffd1c27f05aaf62d7935560d5a5dd8b8b6d0e,0xd867647b431cc6fd354e1c261a9c05d6cc999999,0xca4ffd1c27f05aaf62d7935560d5a5dd8b8b6d0e,true,1,Completed,0x0000000000000000000000000000000000000000
51689,0x90365fd727f964357983a9a121742c2f5c0edf80,0x14e09a86aac0eb5f5dbbbb7bea2c1002624093b4,0x90365fd727f964357983a9a121742c2f5c0edf80,true,0,Open,0x0000000000000000000000000000000000000000
51973,0x92e9aac1ed7044487bc8d8128465c7e588d9e1b6,0xe94a73aeb28c452fb62677184960bb831b759333,0x92e9aac1ed7044487bc8d8128465c7e588d9e1b6,true,0,Open,0x0000000000000000000000000000000000000000
52257,0x92e9aac1ed7044487bc8d8128465c7e588d9e1b6,0xe94a73aeb28c452fb62677184960bb831b759333,0x92e9aac1ed7044487bc8d8128465c7e588d9e1b6,true,0,Open,0x0000000000000000000000000000000000000000
52541,0x52574e71548d19f5a5bac607bec8901087f13b00,0xb2e814e2c5dcb3db3d2425e6621c870b7a163010,0x52574e71548d19f5a5bac607bec8901087f13b00,true,0,Open,0x0000000000000000000000000000000000000000
52825,0x78157f0186a73ce39b48fe958c0f896550c9fdc0,0x2bd28c98182301d8b32bd585d10a7d2f89c98d4c,0xf483848ca84d4b912549e8c2a23fe437646296e9,false,3,Completed,0x0000000000000000000000000000000000000000
53109,0x03576d7878af2659b4fb6930dc155871bab5849f,0xbcd426a3b50ae82f06368cceba0ab86c230af1a9,0xd4344f178dabef2791544ec83c13e2065b419868,false,3,Completed,0x0000000000000000000000000000000000000000
53393,0xb3e7d84e5740c725a1e239aeef29cc8a79d835f1,0xafe6dd950dc2cf561e8daba1725e0e6840f70549,0xafe6dd950dc2cf561e8daba1725e0e6840f70549,false,0.05,Funded,0x0000000000000000000000000000000000000000
53677,0xa24689956ea3ae5e4ccec37337b8b81cf466ed43,0xa24689956ea3ae5e4ccec37337b8b81cf466ed43,0xa24689956ea3ae5e4ccec37337b8b81cf466ed43,true,0,Funded,0x0000000000000000000000000000000000000000
53961,0xd327a3407ac6bb072a3cfee790eab94f679f099f,0x0000000000000000000000000000000000000000,0x056bd1f39285b2798418c1fc887fcbaff7693d7b,false,0,Open,0x0000000000000000000000000000000000000000
54245,0xdc5f2f78948bc1ec6ed482ade1418538fae10fcd,0x3cf107192ef8b4342d48f76b45381d8247536808,0xd448b46a239fceb0bc1e080b07804ef94ed7e3da,false,5,Completed,0x0000000000000000000000000000000000000000
54529,0x233247cf90989f9f99f8fc0ba6b6df80c2050554,0x84a60087a271d9db0cd496e741ceda7fdb5da7ef,0xb3234ab7853b29efb441230fba690e3c47d0a5f8,false,0.01,Completed,0x0000000000000000000000000000000000000000
54813,0xc5ae1bbb1a4720afb3a15a1c3ec56a11be1d4b55,0xa8f01f7b35d2bd389f209cf25564aeaafb25d852,0xc5ae1bbb1a4720afb3a15a1c3ec56a11be1d4b55,true,0,Open,0x0000000000000000000000000000000000000000
55097,0x233247cf90989f9f99f8fc0ba6b6df80c2050554,0x84a60087a271d9db0cd496e741ceda7fdb5da7ef,0xb3234ab7853b29efb441230fba690e3c47d0a5f8,false,0.01,Funded,0x0000000000000000000000000000000000000000
55381,0x92e9aac1ed7044487bc8d8128465c7e588d9e1b6,0xe94a73aeb28c452fb62677184960bb831b759333,0x92e9aac1ed7044487bc8d8128465c7e588d9e1b6,true,0,Open,0x0000000000000000000000000000000000000000
55665,0x90960038761b58787522bbe64f7b355c13b2b58a,0xd82c90bd1141a23ea7921f40782e6db076ce6966,0xa24689956ea3ae5e4ccec37337b8b81cf466ed43,false,0,Open,0x0000000000000000000000000000000000000000
55949,0xa24689956ea3ae5e4ccec37337b8b81cf466ed43,0xa24689956ea3ae5e4ccec37337b8b81cf466ed43,0xa24689956ea3ae5e4ccec37337b8b81cf466ed43,true,0,Open,0x0000000000000000000000000000000000000000
56233,0x92e9aac1ed7044487bc8d8128465c7e588d9e1b6,0xe94a73aeb28c452fb62677184960bb831b759333,0x92e9aac1ed7044487bc8d8128465c7e588d9e1b6,true,0,Open,0x0000000000000000000000000000000000000000
56517,0xca4ffd1c27f05aaf62d7935560d5a5dd8b8b6d0e,0xd867647b431cc6fd354e1c261a9c05d6cc999999,0xca4ffd1c27f05aaf62d7935560d5a5dd8b8b6d0e,true,1,Completed,0x0000000000000000000000000000000000000000
56801,0x92e9aac1ed7044487bc8d8128465c7e588d9e1b6,0xe94a73aeb28c452fb62677184960bb831b759333,0x92e9aac1ed7044487bc8d8128465c7e588d9e1b6,true,0,Open,0x0000000000000000000000000000000000000000
57085,0x93dce8941d5c24826abe7863b08411ba760ce975,0x7c82a8da3c180e8df2f8e6568ba589fce2377887,0x93dce8941d5c24826abe7863b08411ba760ce975,true,0,Open,0x0000000000000000000000000000000000000000
57369,0x233247cf90989f9f99f8fc0ba6b6df80c2050554,0x84a60087a271d9db0cd496e741ceda7fdb5da7ef,0xb3234ab7853b29efb441230fba690e3c47d0a5f8,false,0.01,Completed,0x0000000000000000000000000000000000000000
57653,0xa24f81da410de7f7a27a97789881908b0971bbd3,0x922703ca9f9dad17367b5dc48254d80ce3e27930,0xa24f81da410de7f7a27a97789881908b0971bbd3,true,0,Open,0x0000000000000000000000000000000000000000
57937,0x23a29db7bd98259df401d3a4c4c071738c520d05,0x14e09a86aac0eb5f5dbbbb7bea2c1002624093b4,0x23a29db7bd98259df401d3a4c4c071738c520d05,true,0,Open,0x0000000000000000000000000000000000000000
58221,0x233247cf90989f9f99f8fc0ba6b6df80c2050554,0x84a60087a271d9db0cd496e741ceda7fdb5da7ef,0xb3234ab7853b29efb441230fba690e3c47d0a5f8,false,0.01,Completed,0x0000000000000000000000000000000000000000
58505,0xca4ffd1c27f05aaf62d7935560d5a5dd8b8b6d0e,0xd867647b431cc6fd354e1c261a9c05d6cc999999,0xca4ffd1c27f05aaf62d7935560d5a5dd8b8b6d0e,true,1,Completed,0x0000000000000000000000000000000000000000
58789,0x233247cf90989f9f99f8fc0ba6b6df80c2050554,0x84a60087a271d9db0cd496e741ceda7fdb5da7ef,0xb3234ab7853b29efb441230fba690e3c47d0a5f8,false,0.01,Completed,0x0000000000000000000000000000000000000000
59073,0x233247cf90989f9f99f8fc0ba6b6df80c2050554,0x84a60087a271d9db0cd496e741ceda7fdb5da7ef,0xb3234ab7853b29efb441230fba690e3c47d0a5f8,false,0.01,Completed,0x0000000000000000000000000000000000000000
59357,0x5be0570fa647bd33df06112b4c7b14034d715ed8,0x0000000000000000000000000000000000000000,0x9526fc1fa28f47ecd140881cd5a810625597aebc,false,0,Open,0x0000000000000000000000000000000000000000
59641,0x2f061aa574882c84649230b475a44d35795cc018,0xb152c3b6436318ad340153f1d30c9bbb8634681a,0x2f061aa574882c84649230b475a44d35795cc018,true,1,Completed,0x0000000000000000000000000000000000000000
59925,0x233247cf90989f9f99f8fc0ba6b6df80c2050554,0x84a60087a271d9db0cd496e741ceda7fdb5da7ef,0xb3234ab7853b29efb441230fba690e3c47d0a5f8,false,0.01,Open,0x0000000000000000000000000000000000000000
60209,0x233247cf90989f9f99f8fc0ba6b6df80c2050554,0x84a60087a271d9db0cd496e741ceda7fdb5da7ef,0xb3234ab7853b29efb441230fba690e3c47d0a5f8,false,0.01,Completed,0x0000000000000000000000000000000000000000
60493,0xca4ffd1c27f05aaf62d7935560d5a5dd8b8b6d0e,0xd867647b431cc6fd354e1c261a9c05d6cc999999,0xca4ffd1c27f05aaf62d7935560d5a5dd8b8b6d0e,true,1,Completed,0x0000000000000000000000000000000000000000
60777,0x233247cf90989f9f99f8fc0ba6b6df80c2050554,0x84a60087a271d9db0cd496e741ceda7fdb5da7ef,0xb3234ab7853b29efb441230fba690e3c47d0a5f8,false,0.01,Open,0x0000000000000000000000000000000000000000
61061,0xca4ffd1c27f05aaf62d7935560d5a5dd8b8b6d0e,0xd867647b431cc6fd354e1c261a9c05d6cc999999,0xca4ffd1c27f05aaf62d7935560d5a5dd8b8b6d0e,true,1,Completed,0x0000000000000000000000000000000000000000
61345,0x233247cf90989f9f99f8fc0ba6b6df80c2050554,0x84a60087a271d9db0cd496e741ceda7fdb5da7ef,0xb3234ab7853b29efb441230fba690e3c47d0a5f8,false,0.01,Completed,0x0000000000000000000000000000000000000000
61629,0x41dd064c20cfec06f22d49ee89c062ebf0da5017,0x90960038761b58787522bbe64f7b355c13b2b58a,0x41dd064c20cfec06f22d49ee89c062ebf0da5017,true,1,Rejected,0x0000000000000000000000000000000000000000
61913,0x9481d491b7deb3a6dfe466e92fff86f0503126f4,0x9481d491b7deb3a6dfe466e92fff86f0503126f4,0x74afa58a1312556ada0c02763b851ff10f723dba,false,0,Open,0x0000000000000000000000000000000000000000
62197,0x92e9aac1ed7044487bc8d8128465c7e588d9e1b6,0xe94a73aeb28c452fb62677184960bb831b759333,0x92e9aac1ed7044487bc8d8128465c7e588d9e1b6,true,0,Open,0x0000000000000000000000000000000000000000
62481,0x2aa97b9ed592733a659fecb48e467abff19fd9f9,0x88d9038c61b46d041fc21ff92a7be51906c6c6cc,0x2aa97b9ed592733a659fecb48e467abff19fd9f9,true,0,Open,0x0000000000000000000000000000000000000000
62765,0xca4ffd1c27f05aaf62d7935560d5a5dd8b8b6d0e,0xd867647b431cc6fd354e1c261a9c05d6cc999999,0xca4ffd1c27f05aaf62d7935560d5a5dd8b8b6d0e,true,1,Completed,0x0000000000000000000000000000000000000000
63049,0xca4ffd1c27f05aaf62d7935560d5a5dd8b8b6d0e,0xd867647b431cc6fd354e1c261a9c05d6cc999999,0xca4ffd1c27f05aaf62d7935560d5a5dd8b8b6d0e,true,1,Completed,0x0000000000000000000000000000000000000000
63333,0xca4ffd1c27f05aaf62d7935560d5a5dd8b8b6d0e,0xd867647b431cc6fd354e1c261a9c05d6cc999999,0xca4ffd1c27f05aaf62d7935560d5a5dd8b8b6d0e,true,1,Completed,0x0000000000000000000000000000000000000000
63617,0x4911e51c3e1243aca1d313c75c31a322e7e494dc,0xa2e598b60826ad8026c008e9815457e40e6d331f,0x09bc28e3dee226fb432554911a9ce89eeef02d1a,false,1,Completed,0x0000000000000000000000000000000000000000
63901,0x5ec0e24cd4c463c3cbd49d1f2002fbaf2cef11a1,0x0000000000000000000000000000000000000000,0x57ff67115a34b26f69cb7c89bd2206da4ae05f28,false,0,Open,0x0000000000000000000000000000000000000000
64185,0xd82c90bd1141a23ea7921f40782e6db076ce6966,0xd82c90bd1141a23ea7921f40782e6db076ce6966,0xd82c90bd1141a23ea7921f40782e6db076ce6966,true,0,Open,0x0000000000000000000000000000000000000000
64469,0xb3e7d84e5740c725a1e239aeef29cc8a79d835f1,0xb3e7d84e5740c725a1e239aeef29cc8a79d835f1,0xb3e7d84e5740c725a1e239aeef29cc8a79d835f1,true,0,Completed,0x0000000000000000000000000000000000000000
64753,0xca4ffd1c27f05aaf62d7935560d5a5dd8b8b6d0e,0xd867647b431cc6fd354e1c261a9c05d6cc999999,0xca4ffd1c27f05aaf62d7935560d5a5dd8b8b6d0e,true,1,Completed,0x0000000000000000000000000000000000000000
65037,0x43d9d289164a9d9f42985366a36de4c9ba414f73,0x81345e20c4629f786d9806cfffb3d3fb4d881c67,0x813472f73606c66dc402f502f28f439563c71b71,false,5,Completed,0x0000000000000000000000000000000000000000
65321,0xbc0f9e388ee66db565077744f99dd8876935710d,0x0000000000000000000000000000000000000000,0x7e438dedc6d6625498857ffba39269592decaef3,false,0,Open,0x0000000000000000000000000000000000000000
65605,0x18903fe06fcfc9e0ec3fe5c5250df2fdd32799bd,0x59704cf5c08a3d69159d21c5b11231282d2f58a9,0x18903fe06fcfc9e0ec3fe5c5250df2fdd32799bd,true,0,Open,0x0000000000000000000000000000000000000000
65889,0x65620d3f1460253930265647047be217fa63d5a8,0x65620d3f1460253930265647047be217fa63d5a8,0xe82477412754cb22fb4adb8b97429c01cb8b54db,false,0,Open,0x0000000000000000000000000000000000000000
66173,0x92e9aac1ed7044487bc8d8128465c7e588d9e1b6,0xe94a73aeb28c452fb62677184960bb831b759333,0x92e9aac1ed7044487bc8d8128465c7e588d9e1b6,true,0,Open,0x0000000000000000000000000000000000000000
66457,0xca4ffd1c27f05aaf62d7935560d5a5dd8b8b6d0e,0xd867647b431cc6fd354e1c261a9c05d6cc999999,0xca4ffd1c27f05aaf62d7935560d5a5dd8b8b6d0e,true,1,Completed,0x0000000000000000000000000000000000000000
66741,0x09bc28e3dee226fb432554911a9ce89eeef02d1a,0xa284ec59340f6b6da14c099c6284dcef3395482c,0x46a893f7506e98c2c88a85e06bc6a7e08bf02525,false,1,Completed,0x0000000000000000000000000000000000000000
67025,0x78212d2b92bb2a65fe72d6c33a7db45a7ce9a6a0,0x922703ca9f9dad17367b5dc48254d80ce3e27930,0x78212d2b92bb2a65fe72d6c33a7db45a7ce9a6a0,true,0,Open,0x0000000000000000000000000000000000000000
67309,0xca4ffd1c27f05aaf62d7935560d5a5dd8b8b6d0e,0xd867647b431cc6fd354e1c261a9c05d6cc999999,0xca4ffd1c27f05aaf62d7935560d5a5dd8b8b6d0e,true,1,Completed,0x0000000000000000000000000000000000000000
67593,0xca4ffd1c27f05aaf62d7935560d5a5dd8b8b6d0e,0xd867647b431cc6fd354e1c261a9c05d6cc999999,0xca4ffd1c27f05aaf62d7935560d5a5dd8b8b6d0e,true,1,Completed,0x0000000000000000000000000000000000000000
67877,0x92e9aac1ed7044487bc8d8128465c7e588d9e1b6,0xe94a73aeb28c452fb62677184960bb831b759333,0x92e9aac1ed7044487bc8d8128465c7e588d9e1b6,true,0,Open,0x0000000000000000000000000000000000000000
68161,0x65e20ab2c0e592e39676b8a642986f97a92ab8db,0x59704cf5c08a3d69159d21c5b11231282d2f58a9,0x65e20ab2c0e592e39676b8a642986f97a92ab8db,true,0,Open,0x0000000000000000000000000000000000000000
68445,0x6292b8cb8f22e850f2bf9ac39d47e6ebf20803c3,0xb2e814e2c5dcb3db3d2425e6621c870b7a163010,0x6292b8cb8f22e850f2bf9ac39d47e6ebf20803c3,true,0,Open,0x0000000000000000000000000000000000000000
68729,0xa915978ce675885642b123656df921e519aba11d,0x14e09a86aac0eb5f5dbbbb7bea2c1002624093b4,0xa915978ce675885642b123656df921e519aba11d,true,0,Open,0x0000000000000000000000000000000000000000
69013,0x92e9aac1ed7044487bc8d8128465c7e588d9e1b6,0xe94a73aeb28c452fb62677184960bb831b759333,0x92e9aac1ed7044487bc8d8128465c7e588d9e1b6,true,0,Open,0x0000000000000000000000000000000000000000
69297,0x92e9aac1ed7044487bc8d8128465c7e588d9e1b6,0xe94a73aeb28c452fb62677184960bb831b759333,0x92e9aac1ed7044487bc8d8128465c7e588d9e1b6,true,0,Open,0x0000000000000000000000000000000000000000
69581,0x36e05c31972787098e841f018ecd97df2494fe36,0xb3e7d84e5740c725a1e239aeef29cc8a79d835f1,0x36e05c31972787098e841f018ecd97df2494fe36,true,1,Rejected,0x0000000000000000000000000000000000000000
69865,0xc5cce5d55738f9a793ba1bceed3aecac020c21f7,0x0000000000000000000000000000000000000000,0x94967767b4f6e0b3826e44daaa3cefd778d108e7,false,0,Open,0x0000000000000000000000000000000000000000
70149,0xb3e7d84e5740c725a1e239aeef29cc8a79d835f1,0xf8c3e41400d09b49fec37bbd7880191191c284aa,0xb3e7d84e5740c725a1e239aeef29cc8a79d835f1,true,1,Completed,0x0000000000000000000000000000000000000000
70433,0xd82c90bd1141a23ea7921f40782e6db076ce6966,0xd82c90bd1141a23ea7921f40782e6db076ce6966,0xd82c90bd1141a23ea7921f40782e6db076ce6966,true,0,Open,0x0000000000000000000000000000000000000000
70717,0xd82c90bd1141a23ea7921f40782e6db076ce6966,0xd82c90bd1141a23ea7921f40782e6db076ce6966,0xd82c90bd1141a23ea7921f40782e6db076ce6966,true,0,Completed,0x0000000000000000000000000000000000000000
71001,0x0412344afef39119fafadcd2038e330ae3230995,0xa8f01f7b35d2bd389f209cf25564aeaafb25d852,0x0412344afef39119fafadcd2038e330ae3230995,true,0,Open,0x0000000000000000000000000000000000000000
71285,0x46a893f7506e98c2c88a85e06bc6a7e08bf02525,0x4911e51c3e1243aca1d313c75c31a322e7e494dc,0xa2e598b60826ad8026c008e9815457e40e6d331f,false,1,Completed,0x0000000000000000000000000000000000000000
71569,0x90960038761b58787522bbe64f7b355c13b2b58a,0xd82c90bd1141a23ea7921f40782e6db076ce6966,0xa24689956ea3ae5e4ccec37337b8b81cf466ed43,false,0,Open,0x0000000000000000000000000000000000000000
71853,0x09bc28e3dee226fb432554911a9ce89eeef02d1a,0xa284ec59340f6b6da14c099c6284dcef3395482c,0x46a893f7506e98c2c88a85e06bc6a7e08bf02525,false,1,Completed,0x0000000000000000000000000000000000000000
72137,0x90960038761b58787522bbe64f7b355c13b2b58a,0x90960038761b58787522bbe64f7b355c13b2b58a,0x90960038761b58787522bbe64f7b355c13b2b58a,true,0,Completed,0x0000000000000000000000000000000000000000
72421,0xca4ffd1c27f05aaf62d7935560d5a5dd8b8b6d0e,0xd867647b431cc6fd354e1c261a9c05d6cc999999,0xca4ffd1c27f05aaf62d7935560d5a5dd8b8b6d0e,true,1,Completed,0x0000000000000000000000000000000000000000
72705,0xca4ffd1c27f05aaf62d7935560d5a5dd8b8b6d0e,0xd867647b431cc6fd354e1c261a9c05d6cc999999,0xca4ffd1c27f05aaf62d7935560d5a5dd8b8b6d0e,true,1,Completed,0x0000000000000000000000000000000000000000
72989,0xca4ffd1c27f05aaf62d7935560d5a5dd8b8b6d0e,0xd867647b431cc6fd354e1c261a9c05d6cc999999,0xca4ffd1c27f05aaf62d7935560d5a5dd8b8b6d0e,true,1,Completed,0x0000000000000000000000000000000000000000
73273,0xa2e598b60826ad8026c008e9815457e40e6d331f,0x09bc28e3dee226fb432554911a9ce89eeef02d1a,0xa284ec59340f6b6da14c099c6284dcef3395482c,false,1,Completed,0x0000000000000000000000000000000000000000
73557,0x41dd064c20cfec06f22d49ee89c062ebf0da5017,0x41dd064c20cfec06f22d49ee89c062ebf0da5017,0x41dd064c20cfec06f22d49ee89c062ebf0da5017,true,0,Open,0x0000000000000000000000000000000000000000
73841,0x90960038761b58787522bbe64f7b355c13b2b58a,0x90960038761b58787522bbe64f7b355c13b2b58a,0x90960038761b58787522bbe64f7b355c13b2b58a,true,0,Submitted,0x0000000000000000000000000000000000000000
74125,0x930c731430956e58bb742aa06c843341a7fca51c,0x7c82a8da3c180e8df2f8e6568ba589fce2377887,0x930c731430956e58bb742aa06c843341a7fca51c,true,0,Open,0x0000000000000000000000000000000000000000
74409,0xf8c3e41400d09b49fec37bbd7880191191c284aa,0xf8c3e41400d09b49fec37bbd7880191191c284aa,0xf8c3e41400d09b49fec37bbd7880191191c284aa,true,0,Funded,0x0000000000000000000000000000000000000000
74693,0x03c25788918377f9ac14ec6b54744c4b4c12ee18,0x0000000000000000000000000000000000000000,0x62e0ed11f77c917e1cc08c022f517afadafd908e,false,0,Open,0x0000000000000000000000000000000000000000
74977,0x981f86ec118dc954fd1b22567e52aa9293bac784,0x981f86ec118dc954fd1b22567e52aa9293bac784,0x981f86ec118dc954fd1b22567e52aa9293bac784,true,0,Open,0x0000000000000000000000000000000000000000
75261,0x4e02c4291b74fd989db87d17026f77293f9cc6f2,0x4e02c4291b74fd989db87d17026f77293f9cc6f2,0x4e02c4291b74fd989db87d17026f77293f9cc6f2,true,0,Completed,0x0000000000000000000000000000000000000000
75545,0xb3e7d84e5740c725a1e239aeef29cc8a79d835f1,0xb3e7d84e5740c725a1e239aeef29cc8a79d835f1,0xb3e7d84e5740c725a1e239aeef29cc8a79d835f1,true,0,Completed,0x0000000000000000000000000000000000000000
75829,0x6d51a222409b2ebc2308131e6acfcbdb169b2a68,0xd564945ddda981dd69245225775abbdef8ca3683,0x6d51a222409b2ebc2308131e6acfcbdb169b2a68,true,0,Open,0x0000000000000000000000000000000000000000
76113,0x1453141466d37193e27d5b82eb64b719290cd030,0x1453141466d37193e27d5b82eb64b719290cd030,0x1453141466d37193e27d5b82eb64b719290cd030,true,0,Completed,0x0000000000000000000000000000000000000000
76397,0x36e05c31972787098e841f018ecd97df2494fe36,0x36e05c31972787098e841f018ecd97df2494fe36,0x36e05c31972787098e841f018ecd97df2494fe36,true,0,Funded,0x0000000000000000000000000000000000000000
76681,0x90960038761b58787522bbe64f7b355c13b2b58a,0x90960038761b58787522bbe64f7b355c13b2b58a,0x90960038761b58787522bbe64f7b355c13b2b58a,true,0,Completed,0x0000000000000000000000000000000000000000
76965,0x13f61f6e112c6c225b8a39b7c85d0878ca50bc87,0x0000000000000000000000000000000000000000,0xf4420c2009977189fcc2a6a2d9f54b380b1a4adc,false,0,Open,0x0000000000000000000000000000000000000000
77249,0xca4ffd1c27f05aaf62d7935560d5a5dd8b8b6d0e,0xd867647b431cc6fd354e1c261a9c05d6cc999999,0xca4ffd1c27f05aaf62d7935560d5a5dd8b8b6d0e,true,1,Completed,0x0000000000000000000000000000000000000000
77533,0x6c7a84adc68bb24df7ac6803fa67787c679fff60,0x78d6b416be6d45dc01768895e8a0a20e6fd2e0f0,0x6c7a84adc68bb24df7ac6803fa67787c679fff60,true,0,Open,0x0000000000000000000000000000000000000000
77817,0x18cccdfc9f4268f7bcfd8c476ad67322f54801a1,0x18cccdfc9f4268f7bcfd8c476ad67322f54801a1,0xcb63243aef066cb16257afbf76c5acda86383626,false,0,Open,0x0000000000000000000000000000000000000000
78101,0xc05d9b5575179ce60a1a6ac20817813a91ba4589,0xa8f01f7b35d2bd389f209cf25564aeaafb25d852,0xc05d9b5575179ce60a1a6ac20817813a91ba4589,true,0,Open,0x0000000000000000000000000000000000000000
78385,0x498dab20d3cc30f9b20199ccfb31efd8e198c801,0x498dab20d3cc30f9b20199ccfb31efd8e198c801,0x81b0cdda6ff00e81bd6394b9da8a769435977b76,false,0,Open,0x0000000000000000000000000000000000000000
78669,0x2dadc2b02c93d09dfb24ae744e3d22f2e746c907,0x0000000000000000000000000000000000000000,0x974b8cf53a03693ac45f560b4a79ce11e4a1d92d,false,0,Open,0x0000000000000000000000000000000000000000
78953,0xce7f0709264ea80be790689a7b289b9fe2ccfce6,0x88d9038c61b46d041fc21ff92a7be51906c6c6cc,0xce7f0709264ea80be790689a7b289b9fe2ccfce6,true,0,Open,0x0000000000000000000000000000000000000000
79237,0x92e9aac1ed7044487bc8d8128465c7e588d9e1b6,0xe94a73aeb28c452fb62677184960bb831b759333,0x92e9aac1ed7044487bc8d8128465c7e588d9e1b6,true,0,Open,0x0000000000000000000000000000000000000000
79521,0x62e0ed11f77c917e1cc08c022f517afadafd908e,0x0000000000000000000000000000000000000000,0x59418cbb831442c4fd30605262e4b5b58977687a,false,0,Open,0x0000000000000000000000000000000000000000
79805,0x4dcca850938a7999fa7497bf72e9941b3874bcd1,0x0000000000000000000000000000000000000000,0x7b0efe577925722f8231faa97f8f66be23d30b9f,false,0,Open,0x0000000000000000000000000000000000000000
80089,0xd82c90bd1141a23ea7921f40782e6db076ce6966,0xd82c90bd1141a23ea7921f40782e6db076ce6966,0xd82c90bd1141a23ea7921f40782e6db076ce6966,true,0,Completed,0x0000000000000000000000000000000000000000
80373,0xa2e598b60826ad8026c008e9815457e40e6d331f,0x09bc28e3dee226fb432554911a9ce89eeef02d1a,0xa284ec59340f6b6da14c099c6284dcef3395482c,false,1,Completed,0x0000000000000000000000000000000000000000
80657,0x981f86ec118dc954fd1b22567e52aa9293bac784,0x981f86ec118dc954fd1b22567e52aa9293bac784,0x981f86ec118dc954fd1b22567e52aa9293bac784,true,0,Completed,0x0000000000000000000000000000000000000000
80941,0x41dd064c20cfec06f22d49ee89c062ebf0da5017,0x90960038761b58787522bbe64f7b355c13b2b58a,0x41dd064c20cfec06f22d49ee89c062ebf0da5017,true,1,Completed,0x0000000000000000000000000000000000000000
81225,0x46a893f7506e98c2c88a85e06bc6a7e08bf02525,0x4911e51c3e1243aca1d313c75c31a322e7e494dc,0xa2e598b60826ad8026c008e9815457e40e6d331f,false,1,Completed,0x0000000000000000000000000000000000000000
81509,0x981f86ec118dc954fd1b22567e52aa9293bac784,0x981f86ec118dc954fd1b22567e52aa9293bac784,0x981f86ec118dc954fd1b22567e52aa9293bac784,true,0,Open,0x0000000000000000000000000000000000000000
81793,0x9bd037f7c3c5fcc6bde19ead2a548b55a73519a0,0x14e09a86aac0eb5f5dbbbb7bea2c1002624093b4,0x9bd037f7c3c5fcc6bde19ead2a548b55a73519a0,true,0,Open,0x0000000000000000000000000000000000000000
82077,0xd82c90bd1141a23ea7921f40782e6db076ce6966,0xd82c90bd1141a23ea7921f40782e6db076ce6966,0xd82c90bd1141a23ea7921f40782e6db076ce6966,true,0,Completed,0x0000000000000000000000000000000000000000
82361,0xa24689956ea3ae5e4ccec37337b8b81cf466ed43,0xa24689956ea3ae5e4ccec37337b8b81cf466ed43,0xa24689956ea3ae5e4ccec37337b8b81cf466ed43,true,0,Open,0x0000000000000000000000000000000000000000
82645,0x41dd064c20cfec06f22d49ee89c062ebf0da5017,0x41dd064c20cfec06f22d49ee89c062ebf0da5017,0x41dd064c20cfec06f22d49ee89c062ebf0da5017,true,0,Completed,0x0000000000000000000000000000000000000000
82929,0xb3e7d84e5740c725a1e239aeef29cc8a79d835f1,0xb3e7d84e5740c725a1e239aeef29cc8a79d835f1,0xb3e7d84e5740c725a1e239aeef29cc8a79d835f1,true,0,Completed,0x0000000000000000000000000000000000000000
83213,0xc8fea9d0c574bd478b086ebcd2588fb5684c331a,0xea79ae0f832489cfd24f534c06c4ff40a2d0abac,0xc8fea9d0c574bd478b086ebcd2588fb5684c331a,true,0.98,Completed,0x0000000000000000000000000000000000000000
83497,0x1bcb96dbbcb55f3d5d4a87ce90a44aea5f9ed998,0x0000000000000000000000000000000000000000,0x2d79664385b0b083765da0e1dc7f3222ba290585,false,0,Open,0x0000000000000000000000000000000000000000
83781,0xca4ffd1c27f05aaf62d7935560d5a5dd8b8b6d0e,0xd867647b431cc6fd354e1c261a9c05d6cc999999,0xca4ffd1c27f05aaf62d7935560d5a5dd8b8b6d0e,true,1,Completed,0x0000000000000000000000000000000000000000
84065,0xca4ffd1c27f05aaf62d7935560d5a5dd8b8b6d0e,0xd867647b431cc6fd354e1c261a9c05d6cc999999,0xca4ffd1c27f05aaf62d7935560d5a5dd8b8b6d0e,true,1,Completed,0x0000000000000000000000000000000000000000
84349,0xa24689956ea3ae5e4ccec37337b8b81cf466ed43,0xd82c90bd1141a23ea7921f40782e6db076ce6966,0xa24689956ea3ae5e4ccec37337b8b81cf466ed43,true,1,Completed,0x0000000000000000000000000000000000000000
84633,0x4e02c4291b74fd989db87d17026f77293f9cc6f2,0x4e02c4291b74fd989db87d17026f77293f9cc6f2,0x4e02c4291b74fd989db87d17026f77293f9cc6f2,true,0,Completed,0x0000000000000000000000000000000000000000
84917,0xca4ffd1c27f05aaf62d7935560d5a5dd8b8b6d0e,0xd867647b431cc6fd354e1c261a9c05d6cc999999,0xca4ffd1c27f05aaf62d7935560d5a5dd8b8b6d0e,true,1,Completed,0x0000000000000000000000000000000000000000
85201,0xd0e086411fe0be99ff74ca799a1a3b169cd75b79,0xb2e814e2c5dcb3db3d2425e6621c870b7a163010,0xd0e086411fe0be99ff74ca799a1a3b169cd75b79,true,0,Open,0x0000000000000000000000000000000000000000
85485,0x233247cf90989f9f99f8fc0ba6b6df80c2050554,0x84a60087a271d9db0cd496e741ceda7fdb5da7ef,0xb3234ab7853b29efb441230fba690e3c47d0a5f8,false,0.1,Submitted,0x0000000000000000000000000000000000000000
85769,0x6e3f18ea60e8c77754c449c3654727e7e58722c9,0x6e3f18ea60e8c77754c449c3654727e7e58722c9,0xe0d8aad68c7a2b00383ade6b303a9d8ce7cbf5c6,false,0,Open,0x0000000000000000000000000000000000000000
86053,0xca4ffd1c27f05aaf62d7935560d5a5dd8b8b6d0e,0xd867647b431cc6fd354e1c261a9c05d6cc999999,0xca4ffd1c27f05aaf62d7935560d5a5dd8b8b6d0e,true,1,Completed,0x0000000000000000000000000000000000000000
86337,0x233247cf90989f9f99f8fc0ba6b6df80c2050554,0x84a60087a271d9db0cd496e741ceda7fdb5da7ef,0xbeedcf253e9427cf17797eb4d34e17bd047435eb,false,0.01,Submitted,0x0000000000000000000000000000000000000000
86621,0x02eb0cdc89c04248b4fce1aef03034f2c877cef5,0x59704cf5c08a3d69159d21c5b11231282d2f58a9,0x02eb0cdc89c04248b4fce1aef03034f2c877cef5,true,0,Open,0x0000000000000000000000000000000000000000
86905,0x233247cf90989f9f99f8fc0ba6b6df80c2050554,0x84a60087a271d9db0cd496e741ceda7fdb5da7ef,0xbeedcf253e9427cf17797eb4d34e17bd047435eb,false,0.01,Submitted,0x0000000000000000000000000000000000000000
87189,0x233247cf90989f9f99f8fc0ba6b6df80c2050554,0x84a60087a271d9db0cd496e741ceda7fdb5da7ef,0xbeedcf253e9427cf17797eb4d34e17bd047435eb,false,0.01,Submitted,0x0000000000000000000000000000000000000000
87473,0x7a13e00d5f1cca457e652721f7056ecee1fce75c,0x59704cf5c08a3d69159d21c5b11231282d2f58a9,0x7a13e00d5f1cca457e652721f7056ecee1fce75c,true,0,Open,0x0000000000000000000000000000000000000000
87757,0x35211bfca71fb3ebf590ec1bd44ba759463c7545,0x7a91d4a964d8a44e8aab127c0ae099a1eb2ee8d4,0x35211bfca71fb3ebf590ec1bd44ba759463c7545,true,1,Funded,0x0000000000000000000000000000000000000000
88041,0x22d538c1b542a4a3eee6aff58e9348d8cac0deec,0x7515ee0516fa5684eb8a7eca6c94f70b1aef3107,0x22d538c1b542a4a3eee6aff58e9348d8cac0deec,true,1,Funded,0x0000000000000000000000000000000000000000
88325,0xc5a5fc19ac7caff8da9151be93441af22a0825d4,0xc5a5fc19ac7caff8da9151be93441af22a0825d4,0x295a180dcc5c760bca9ac25c50dbc66e88a49d2a,false,0,Open,0x0000000000000000000000000000000000000000
88609,0xf85607b41569c4ff1ab4b8cfbd005a953c0d6eb9,0xb5fa6c635b6b437a975c5a8749cd41625e4ae931,0xf85607b41569c4ff1ab4b8cfbd005a953c0d6eb9,true,0,Open,0x0000000000000000000000000000000000000000
88893,0xb3f2c61a7992869f64efda1a4f023dbe4b038740,0x3ae3e4af970b427beb581824050e3ee48493c28a,0x26759efca4f5e40810a80d1b6f87ad500172098e,false,0,Completed,0x0000000000000000000000000000000000000000
89177,0xb3f2c61a7992869f64efda1a4f023dbe4b038740,0x3ae3e4af970b427beb581824050e3ee48493c28a,0x26759efca4f5e40810a80d1b6f87ad500172098e,false,0,Completed,0x0000000000000000000000000000000000000000
89461,0xb3f2c61a7992869f64efda1a4f023dbe4b038740,0x3ae3e4af970b427beb581824050e3ee48493c28a,0x26759efca4f5e40810a80d1b6f87ad500172098e,false,0,Completed,0x0000000000000000000000000000000000000000
89745,0xb3f2c61a7992869f64efda1a4f023dbe4b038740,0x3ae3e4af970b427beb581824050e3ee48493c28a,0x26759efca4f5e40810a80d1b6f87ad500172098e,false,0,Completed,0x0000000000000000000000000000000000000000
90029,0xb3f2c61a7992869f64efda1a4f023dbe4b038740,0x3ae3e4af970b427beb581824050e3ee48493c28a,0x26759efca4f5e40810a80d1b6f87ad500172098e,false,0,Completed,0x0000000000000000000000000000000000000000
90313,0xb3f2c61a7992869f64efda1a4f023dbe4b038740,0x3ae3e4af970b427beb581824050e3ee48493c28a,0x26759efca4f5e40810a80d1b6f87ad500172098e,false,0,Completed,0x0000000000000000000000000000000000000000
90597,0xb3f2c61a7992869f64efda1a4f023dbe4b038740,0x3ae3e4af970b427beb581824050e3ee48493c28a,0x26759efca4f5e40810a80d1b6f87ad500172098e,false,0,Completed,0x0000000000000000000000000000000000000000
90881,0x8fc9d5c93b331d1f0559f89f6b7b3ccb8aebed67,0x25bfedfcd538adccd7199a4a787b6b097fddd415,0xc8157a0c40f10b76a26e18dfac68e15f88112ee4,false,2,Completed,0x0000000000000000000000000000000000000000
91165,0xb3f2c61a7992869f64efda1a4f023dbe4b038740,0x3ae3e4af970b427beb581824050e3ee48493c28a,0x26759efca4f5e40810a80d1b6f87ad500172098e,false,0,Completed,0x0000000000000000000000000000000000000000
91449,0xb3f2c61a7992869f64efda1a4f023dbe4b038740,0x3ae3e4af970b427beb581824050e3ee48493c28a,0x26759efca4f5e40810a80d1b6f87ad500172098e,false,0,Completed,0x0000000000000000000000000000000000000000
91733,0xb3f2c61a7992869f64efda1a4f023dbe4b038740,0x3ae3e4af970b427beb581824050e3ee48493c28a,0x26759efca4f5e40810a80d1b6f87ad500172098e,false,0,Completed,0x0000000000000000000000000000000000000000
92017,0x9391c4173835c54389feb80dbf08fbb5582a62c8,0x9391c4173835c54389feb80dbf08fbb5582a62c8,0x8a2bc014b61a62fb09e9212e6833c00a53043f03,false,0,Open,0x0000000000000000000000000000000000000000
92301,0xb3f2c61a7992869f64efda1a4f023dbe4b038740,0x3ae3e4af970b427beb581824050e3ee48493c28a,0x26759efca4f5e40810a80d1b6f87ad500172098e,false,0,Completed,0x0000000000000000000000000000000000000000
92585,0xca4ffd1c27f05aaf62d7935560d5a5dd8b8b6d0e,0xd867647b431cc6fd354e1c261a9c05d6cc999999,0xca4ffd1c27f05aaf62d7935560d5a5dd8b8b6d0e,true,1,Completed,0x0000000000000000000000000000000000000000
92869,0x90960038761b58787522bbe64f7b355c13b2b58a,0x90960038761b58787522bbe64f7b355c13b2b58a,0x90960038761b58787522bbe64f7b355c13b2b58a,true,0,Completed,0x0000000000000000000000000000000000000000
93153,0xbde7533246eaa8a00168cd56796899244bac8f47,0xbde7533246eaa8a00168cd56796899244bac8f47,0xdbd7142265f83ebab960f8aaa728a5210a6363fd,false,0,Open,0x0000000000000000000000000000000000000000
93437,0x25f7f33c2d4c43fec2dddcf83555b687f1971ef1,0x78d6b416be6d45dc01768895e8a0a20e6fd2e0f0,0x25f7f33c2d4c43fec2dddcf83555b687f1971ef1,true,0,Open,0x0000000000000000000000000000000000000000
93721,0x9523422045e5fb184dafb8221c2b2c0639da9ee5,0x78d6b416be6d45dc01768895e8a0a20e6fd2e0f0,0x9523422045e5fb184dafb8221c2b2c0639da9ee5,true,0,Open,0x0000000000000000000000000000000000000000
94005,0xb3e7d84e5740c725a1e239aeef29cc8a79d835f1,0xf8c3e41400d09b49fec37bbd7880191191c284aa,0xa24689956ea3ae5e4ccec37337b8b81cf466ed43,false,0.01,Submitted,0x0000000000000000000000000000000000000000
94289,0x42ec92429d07ec7427d882eab48e262fd5be90de,0xbae105f73ae659231357599b4b2f2e33e14f24aa,0x42ec92429d07ec7427d882eab48e262fd5be90de,true,0.04,Completed,0x0000000000000000000000000000000000000000
94573,0x50460639906ff898c6aea1968fc99a0087ea5add,0x0000000000000000000000000000000000000000,0xf5a4b1e99fa632e69a4658a15c8269d0c902c0b6,false,0,Open,0x0000000000000000000000000000000000000000
94857,0x1bcb96dbbcb55f3d5d4a87ce90a44aea5f9ed998,0x0000000000000000000000000000000000000000,0x5871b598d1da5daa8bf7c36c37a9a7683b0992c1,false,0,Open,0x0000000000000000000000000000000000000000
95141,0x1453141466d37193e27d5b82eb64b719290cd030,0x1453141466d37193e27d5b82eb64b719290cd030,0x1453141466d37193e27d5b82eb64b719290cd030,true,0,Completed,0x0000000000000000000000000000000000000000
95425,0x07391c4a18c9129b3e31766ac85ca29b1d9a6ec3,0x07391c4a18c9129b3e31766ac85ca29b1d9a6ec3,0xf4f248be934601e7e41ba60032f0e77e82438417,false,0,Open,0x0000000000000000000000000000000000000000
95709,0x04c89983cc5cdce86da66cc5e75a35b1dd2d822a,0x0000000000000000000000000000000000000000,0x63ef507dbf89cbd92c35d2f041e5b6e9bdd04d58,false,0,Open,0x0000000000000000000000000000000000000000
95993,0x974b8cf53a03693ac45f560b4a79ce11e4a1d92d,0x0000000000000000000000000000000000000000,0x55a4a5c62019f1523fb060f58226f403ca58c7be,false,0,Open,0x0000000000000000000000000000000000000000
96277,0xca4ffd1c27f05aaf62d7935560d5a5dd8b8b6d0e,0xd867647b431cc6fd354e1c261a9c05d6cc999999,0xca4ffd1c27f05aaf62d7935560d5a5dd8b8b6d0e,true,1,Completed,0x0000000000000000000000000000000000000000
96561,0xa5db7e8af2a70562e69722e95463af1f0471467c,0x924ef530df932fe258508094ea50b8fc65c59df6,0xa5db7e8af2a70562e69722e95463af1f0471467c,true,0.03,Completed,0x0000000000000000000000000000000000000000
96845,0xa1379a57f49c30453afc573806f633900e29ee86,0xe64c1f6b24a3a3e7e768c791e28c096e5a732e26,0xa1379a57f49c30453afc573806f633900e29ee86,true,0.033,Completed,0x0000000000000000000000000000000000000000
97129,0xbefa6142286e827cbd6c09a0ff0e42724e5cb95d,0x14e09a86aac0eb5f5dbbbb7bea2c1002624093b4,0xbefa6142286e827cbd6c09a0ff0e42724e5cb95d,true,0,Open,0x0000000000000000000000000000000000000000
97413,0x36e05c31972787098e841f018ecd97df2494fe36,0xb3e7d84e5740c725a1e239aeef29cc8a79d835f1,0xa24689956ea3ae5e4ccec37337b8b81cf466ed43,false,0.01,Submitted,0x0000000000000000000000000000000000000000
97697,0x90960038761b58787522bbe64f7b355c13b2b58a,0xd82c90bd1141a23ea7921f40782e6db076ce6966,0xa24689956ea3ae5e4ccec37337b8b81cf466ed43,false,0,Open,0x0000000000000000000000000000000000000000
97981,0x3c9c4e0df7915da92cb57ddb078a9e1eccf3e057,0x3c9c4e0df7915da92cb57ddb078a9e1eccf3e057,0x094da7f36d296d4feda083c9fc6d023c8a3f7c97,false,0,Open,0x0000000000000000000000000000000000000000
98265,0xb3e7d84e5740c725a1e239aeef29cc8a79d835f1,0xb3e7d84e5740c725a1e239aeef29cc8a79d835f1,0xb3e7d84e5740c725a1e239aeef29cc8a79d835f1,true,0,Completed,0x0000000000000000000000000000000000000000
98549,0xb3f2c61a7992869f64efda1a4f023dbe4b038740,0x3ae3e4af970b427beb581824050e3ee48493c28a,0x26759efca4f5e40810a80d1b6f87ad500172098e,false,0,Completed,0x0000000000000000000000000000000000000000
98833,0xb3f2c61a7992869f64efda1a4f023dbe4b038740,0x3ae3e4af970b427beb581824050e3ee48493c28a,0x26759efca4f5e40810a80d1b6f87ad500172098e,false,0,Completed,0x0000000000000000000000000000000000000000
99117,0xb3f2c61a7992869f64efda1a4f023dbe4b038740,0x3ae3e4af970b427beb581824050e3ee48493c28a,0x26759efca4f5e40810a80d1b6f87ad500172098e,false,0,Completed,0x0000000000000000000000000000000000000000
99401,0xb3f2c61a7992869f64efda1a4f023dbe4b038740,0x3ae3e4af970b427beb581824050e3ee48493c28a,0x26759efca4f5e40810a80d1b6f87ad500172098e,false,0,Completed,0x0000000000000000000000000000000000000000
99685,0xb3f2c61a7992869f64efda1a4f023dbe4b038740,0x3ae3e4af970b427beb581824050e3ee48493c28a,0x26759efca4f5e40810a80d1b6f87ad500172098e,false,0,Completed,0x0000000000000000000000000000000000000000
99969,0xd82c90bd1141a23ea7921f40782e6db076ce6966,0xd82c90bd1141a23ea7921f40782e6db076ce6966,0xd82c90bd1141a23ea7921f40782e6db076ce6966,true,0,Completed,0x0000000000000000000000000000000000000000
100253,0x77214e191457f92de3a9038b8ad2b7ad447dec55,0x3ae3e4af970b427beb581824050e3ee48493c28a,0x26759efca4f5e40810a80d1b6f87ad500172098e,false,0,Open,0x0000000000000000000000000000000000000000
100537,0x76bf3899a7fd086b21858d8bff185fe16bb2ede4,0x3ae3e4af970b427beb581824050e3ee48493c28a,0x26759efca4f5e40810a80d1b6f87ad500172098e,false,0,Open,0x0000000000000000000000000000000000000000
100821,0xb3f2c61a7992869f64efda1a4f023dbe4b038740,0x3ae3e4af970b427beb581824050e3ee48493c28a,0x26759efca4f5e40810a80d1b6f87ad500172098e,false,0,Completed,0x0000000000000000000000000000000000000000
101105,0xae5430a4591857686c07d52ef165258a1b2ff651,0x3ae3e4af970b427beb581824050e3ee48493c28a,0x26759efca4f5e40810a80d1b6f87ad500172098e,false,0,Open,0x0000000000000000000000000000000000000000
101389,0xbabb8b9009873e42aab33c54fcde590f9ed60ad2,0x3ae3e4af970b427beb581824050e3ee48493c28a,0x26759efca4f5e40810a80d1b6f87ad500172098e,false,0,Open,0x0000000000000000000000000000000000000000
101673,0x31a8876cbcf229d1455b5a5b1c92b948af62e704,0x3ae3e4af970b427beb581824050e3ee48493c28a,0x26759efca4f5e40810a80d1b6f87ad500172098e,false,0,Open,0x0000000000000000000000000000000000000000
101957,0xe08ad5bfb31bc4993e63ac6f80350761837f5046,0x3ae3e4af970b427beb581824050e3ee48493c28a,0x26759efca4f5e40810a80d1b6f87ad500172098e,false,0,Open,0x0000000000000000000000000000000000000000
102241,0x107c9b85beb7dfca13a3cf6c8220cdc998489317,0x3ae3e4af970b427beb581824050e3ee48493c28a,0x26759efca4f5e40810a80d1b6f87ad500172098e,false,0,Open,0x0000000000000000000000000000000000000000
102525,0x72f6da30651f492dd2ba82c15e56e1d2a5374ac0,0x3ae3e4af970b427beb581824050e3ee48493c28a,0x26759efca4f5e40810a80d1b6f87ad500172098e,false,0,Open,0x0000000000000000000000000000000000000000
102809,0xa2a9dc68c90f8bdc3899c03f963c7e580ee0a7bb,0x3ae3e4af970b427beb581824050e3ee48493c28a,0x26759efca4f5e40810a80d1b6f87ad500172098e,false,0,Open,0x0000000000000000000000000000000000000000
103093,0xb25ebc034c166fdb3161a5f4e4b77a90c85cd5ab,0x3ae3e4af970b427beb581824050e3ee48493c28a,0x26759efca4f5e40810a80d1b6f87ad500172098e,false,0,Open,0x0000000000000000000000000000000000000000
103377,0x34fc38dd97b50ee4757827be73865bf5448c0554,0x3ae3e4af970b427beb581824050e3ee48493c28a,0x26759efca4f5e40810a80d1b6f87ad500172098e,false,0,Open,0x0000000000000000000000000000000000000000
103661,0xeb42b8230f561d6b65268e63841def4de823e083,0x3ae3e4af970b427beb581824050e3ee48493c28a,0x26759efca4f5e40810a80d1b6f87ad500172098e,false,0,Open,0x0000000000000000000000000000000000000000
103945,0xca4ffd1c27f05aaf62d7935560d5a5dd8b8b6d0e,0xd867647b431cc6fd354e1c261a9c05d6cc999999,0xca4ffd1c27f05aaf62d7935560d5a5dd8b8b6d0e,true,1,Completed,0x0000000000000000000000000000000000000000
104229,0xd47290533fc449a9ebbcd00c26151b7e36f9914d,0x3ae3e4af970b427beb581824050e3ee48493c28a,0x26759efca4f5e40810a80d1b6f87ad500172098e,false,0,Open,0x0000000000000000000000000000000000000000
104513,0x4a6d31c88a4f0e0168d40130bcbb6dd3c7a79fde,0x3ae3e4af970b427beb581824050e3ee48493c28a,0x26759efca4f5e40810a80d1b6f87ad500172098e,false,0,Open,0x0000000000000000000000000000000000000000
104797,0xc46da7caa2116dc25a1be5680df9105a3d485432,0x3ae3e4af970b427beb581824050e3ee48493c28a,0x26759efca4f5e40810a80d1b6f87ad500172098e,false,0,Open,0x0000000000000000000000000000000000000000
105081,0x0a0d29717003d58455f1575c96760db15e18e5c3,0x3ae3e4af970b427beb581824050e3ee48493c28a,0x26759efca4f5e40810a80d1b6f87ad500172098e,false,0,Open,0x0000000000000000000000000000000000000000
105365,0x1e020980d0dd05d065a89e33222046a358d4d9b6,0x3ae3e4af970b427beb581824050e3ee48493c28a,0x26759efca4f5e40810a80d1b6f87ad500172098e,false,0,Open,0x0000000000000000000000000000000000000000
105649,0x0e5315171420432d7cf45f9d5e5d5edcb48a7c14,0x922703ca9f9dad17367b5dc48254d80ce3e27930,0x0e5315171420432d7cf45f9d5e5d5edcb48a7c14,true,0,Open,0x0000000000000000000000000000000000000000
105933,0xb3f2c61a7992869f64efda1a4f023dbe4b038740,0x3ae3e4af970b427beb581824050e3ee48493c28a,0x26759efca4f5e40810a80d1b6f87ad500172098e,false,0,Completed,0x0000000000000000000000000000000000000000
106217,0xb3f2c61a7992869f64efda1a4f023dbe4b038740,0x3ae3e4af970b427beb581824050e3ee48493c28a,0x26759efca4f5e40810a80d1b6f87ad500172098e,false,0,Completed,0x0000000000000000000000000000000000000000
106501,0xb3f2c61a7992869f64efda1a4f023dbe4b038740,0x3ae3e4af970b427beb581824050e3ee48493c28a,0x26759efca4f5e40810a80d1b6f87ad500172098e,false,0,Completed,0x0000000000000000000000000000000000000000
106785,0xb3f2c61a7992869f64efda1a4f023dbe4b038740,0x3ae3e4af970b427beb581824050e3ee48493c28a,0x26759efca4f5e40810a80d1b6f87ad500172098e,false,0,Completed,0x0000000000000000000000000000000000000000
107069,0xb3f2c61a7992869f64efda1a4f023dbe4b038740,0x3ae3e4af970b427beb581824050e3ee48493c28a,0x26759efca4f5e40810a80d1b6f87ad500172098e,false,0,Completed,0x0000000000000000000000000000000000000000
107353,0xca4ffd1c27f05aaf62d7935560d5a5dd8b8b6d0e,0xd867647b431cc6fd354e1c261a9c05d6cc999999,0xca4ffd1c27f05aaf62d7935560d5a5dd8b8b6d0e,true,1,Completed,0x0000000000000000000000000000000000000000
107637,0x96ab37a662e4762210cc8006fefc18afc2abaea8,0xa9eeee48bc04740de4ea228b5749869db7b18257,0x96ab37a662e4762210cc8006fefc18afc2abaea8,true,0.03,Completed,0x0000000000000000000000000000000000000000
107921,0x1033cf839eb85b4b59eed815477b8f8714e9b0e2,0xa8f01f7b35d2bd389f209cf25564aeaafb25d852,0x1033cf839eb85b4b59eed815477b8f8714e9b0e2,true,0,Open,0x0000000000000000000000000000000000000000
108205,0x79e85eb8eb6940b068aa2b21d473a0de24d093a0,0x79e85eb8eb6940b068aa2b21d473a0de24d093a0,0x74afa58a1312556ada0c02763b851ff10f723dba,false,0,Open,0x0000000000000000000000000000000000000000
108489,0x172b7952b0f711b8b372410e81d51dcba7d4bb02,0x61f13440e56d155c69557344432933a70bc0a7b0,0x07db1e1256920fc41995bcfca15cb6dd38a47bb1,false,0,Open,0x0000000000000000000000000000000000000000
108773,0xca4ffd1c27f05aaf62d7935560d5a5dd8b8b6d0e,0xd867647b431cc6fd354e1c261a9c05d6cc999999,0xca4ffd1c27f05aaf62d7935560d5a5dd8b8b6d0e,true,1,Completed,0x0000000000000000000000000000000000000000
109057,0xdb0c2864b26840ccaaf4fb55004de90f515029f4,0x0000000000000000000000000000000000000000,0x4dcca850938a7999fa7497bf72e9941b3874bcd1,false,0,Open,0x0000000000000000000000000000000000000000
109341,0xca4ffd1c27f05aaf62d7935560d5a5dd8b8b6d0e,0xd867647b431cc6fd354e1c261a9c05d6cc999999,0xca4ffd1c27f05aaf62d7935560d5a5dd8b8b6d0e,true,1,Completed,0x0000000000000000000000000000000000000000
109625,0xb993234bfa6601124e1e9dbac01b81d16a489f9e,0x0000000000000000000000000000000000000000,0x5c08627b8146a7a934a33ed8eb90a1f4dca46ca8,false,0,Open,0x0000000000000000000000000000000000000000
109909,0xca4ffd1c27f05aaf62d7935560d5a5dd8b8b6d0e,0xd867647b431cc6fd354e1c261a9c05d6cc999999,0xca4ffd1c27f05aaf62d7935560d5a5dd8b8b6d0e,true,1,Completed,0x0000000000000000000000000000000000000000
110193,0xca4ffd1c27f05aaf62d7935560d5a5dd8b8b6d0e,0xd867647b431cc6fd354e1c261a9c05d6cc999999,0xca4ffd1c27f05aaf62d7935560d5a5dd8b8b6d0e,true,1,Completed,0x0000000000000000000000000000000000000000
110477,0xb1e8ed89ac62223a8280742ecdcc4d75e17153e7,0x4167920c2c39a532c867fc9c02d5066a07c2ba86,0xb1e8ed89ac62223a8280742ecdcc4d75e17153e7,true,0.033,Completed,0x0000000000000000000000000000000000000000
110761,0xca4ffd1c27f05aaf62d7935560d5a5dd8b8b6d0e,0xd867647b431cc6fd354e1c261a9c05d6cc999999,0xca4ffd1c27f05aaf62d7935560d5a5dd8b8b6d0e,true,1,Completed,0x0000000000000000000000000000000000000000
111045,0x106f215c7392e7c3270349d2ba27e49f457bca2d,0xaf5f52d9ff4a22bf32dd47aad4999906b1f9a748,0x106f215c7392e7c3270349d2ba27e49f457bca2d,true,0.025,Completed,0x0000000000000000000000000000000000000000
111329,0x2f061aa574882c84649230b475a44d35795cc018,0xb152c3b6436318ad340153f1d30c9bbb8634681a,0x2f061aa574882c84649230b475a44d35795cc018,true,1,Completed,0x0000000000000000000000000000000000000000
111613,0xca4ffd1c27f05aaf62d7935560d5a5dd8b8b6d0e,0xd867647b431cc6fd354e1c261a9c05d6cc999999,0xca4ffd1c27f05aaf62d7935560d5a5dd8b8b6d0e,true,1,Completed,0x0000000000000000000000000000000000000000
111897,0xecb96a87cbe9b0f7c3514eca0e729ea7683bcc8b,0xb5fa6c635b6b437a975c5a8749cd41625e4ae931,0xecb96a87cbe9b0f7c3514eca0e729ea7683bcc8b,true,0,Open,0x0000000000000000000000000000000000000000
112181,0xc0345c7e2b203ac2a7b64fdf78c2ca25f93421c8,0xb5fa6c635b6b437a975c5a8749cd41625e4ae931,0xc0345c7e2b203ac2a7b64fdf78c2ca25f93421c8,true,0,Open,0x0000000000000000000000000000000000000000
112465,0x18e7733a226d2b06e7974e06b4edeee86ac8a5e5,0x497055e693cca239e7c52bc916b43b71f5ac9f93,0x18e7733a226d2b06e7974e06b4edeee86ac8a5e5,true,0.028,Completed,0x0000000000000000000000000000000000000000
112749,0xca4ffd1c27f05aaf62d7935560d5a5dd8b8b6d0e,0xd867647b431cc6fd354e1c261a9c05d6cc999999,0xca4ffd1c27f05aaf62d7935560d5a5dd8b8b6d0e,true,1,Completed,0x0000000000000000000000000000000000000000
113033,0xc27fabaeecd1d3c5ea6434a6bd0677927d48dbf0,0x7e573a0f58f6babb2d94b5294da9488925452005,0xc27fabaeecd1d3c5ea6434a6bd0677927d48dbf0,true,0.038,Completed,0x0000000000000000000000000000000000000000
113317,0x5b09fc1d4a519b4591217fb5d06247159b9fcf44,0x5b09fc1d4a519b4591217fb5d06247159b9fcf44,0x5b09fc1d4a519b4591217fb5d06247159b9fcf44,true,0,Open,0x0000000000000000000000000000000000000000
113601,0xa2e598b60826ad8026c008e9815457e40e6d331f,0x09bc28e3dee226fb432554911a9ce89eeef02d1a,0xa284ec59340f6b6da14c099c6284dcef3395482c,false,1,Completed,0x0000000000000000000000000000000000000000
113885,0xca4ffd1c27f05aaf62d7935560d5a5dd8b8b6d0e,0xd867647b431cc6fd354e1c261a9c05d6cc999999,0xca4ffd1c27f05aaf62d7935560d5a5dd8b8b6d0e,true,1,Completed,0x0000000000000000000000000000000000000000
114169,0x5b09fc1d4a519b4591217fb5d06247159b9fcf44,0x5b09fc1d4a519b4591217fb5d06247159b9fcf44,0x5b09fc1d4a519b4591217fb5d06247159b9fcf44,true,0,Open,0x0000000000000000000000000000000000000000
114453,0xdf38ab87bc9dd3e655b58698d30bfb89fbffd3f8,0x59704cf5c08a3d69159d21c5b11231282d2f58a9,0xdf38ab87bc9dd3e655b58698d30bfb89fbffd3f8,true,0,Open,0x0000000000000000000000000000000000000000
114737,0x4c06621fe96acc5ca9f8ecd5ce134b392e3d1ad6,0x4c06621fe96acc5ca9f8ecd5ce134b392e3d1ad6,0x4c06621fe96acc5ca9f8ecd5ce134b392e3d1ad6,true,1.14831,Completed,0x0000000000000000000000000000000000000000
115021,0xca4ffd1c27f05aaf62d7935560d5a5dd8b8b6d0e,0xd867647b431cc6fd354e1c261a9c05d6cc999999,0xca4ffd1c27f05aaf62d7935560d5a5dd8b8b6d0e,true,1,Completed,0x0000000000000000000000000000000000000000
115305,0xb3f2c61a7992869f64efda1a4f023dbe4b038740,0x3ae3e4af970b427beb581824050e3ee48493c28a,0x26759efca4f5e40810a80d1b6f87ad500172098e,false,0,Completed,0x0000000000000000000000000000000000000000
115589,0xca4ffd1c27f05aaf62d7935560d5a5dd8b8b6d0e,0xd867647b431cc6fd354e1c261a9c05d6cc999999,0xca4ffd1c27f05aaf62d7935560d5a5dd8b8b6d0e,true,1,Completed,0x0000000000000000000000000000000000000000
115873,0x6580e3ac2b50bfafd5462a6ee26474d72c466bbc,0x6580e3ac2b50bfafd5462a6ee26474d72c466bbc,0xf55acfa7fb13030af81df3ebb4091ad525182920,false,0,Open,0x0000000000000000000000000000000000000000
116157,0xca4ffd1c27f05aaf62d7935560d5a5dd8b8b6d0e,0xd867647b431cc6fd354e1c261a9c05d6cc999999,0xca4ffd1c27f05aaf62d7935560d5a5dd8b8b6d0e,true,1,Completed,0x0000000000000000000000000000000000000000
116441,0x669c6d5e6f14f3d4965a616a5a29c5a8fdf47330,0x669c6d5e6f14f3d4965a616a5a29c5a8fdf47330,0x226c7cc881437835b4ecafc1af96111bb3a1b5fe,false,0,Open,0x0000000000000000000000000000000000000000
116725,0x592962531a2c25a8312fceb9fd314637adfbc001,0x592962531a2c25a8312fceb9fd314637adfbc001,0xf8bc4d7d9afaa8ca8303cd135b294d5f488cb970,false,0,Open,0x0000000000000000000000000000000000000000
117009,0xa369d5be25753a479ae3075aa04e2d707c39b432,0x0000000000000000000000000000000000000000,0x4024bb13d61d7d5f8ba7792cdf2d4b303149fac7,false,0,Open,0x0000000000000000000000000000000000000000
117293,0x580ffb38b755ea4575c382785033083b7610677c,0x0000000000000000000000000000000000000000,0x769a6ab597a65d0e521d98632662a1f03cf42a54,false,0,Open,0x0000000000000000000000000000000000000000
117577,0x763e0a2607cc90e9d5511132e9cab8ef99f75ffe,0x0000000000000000000000000000000000000000,0x18cccdfc9f4268f7bcfd8c476ad67322f54801a1,false,0,Open,0x0000000000000000000000000000000000000000
117861,0xeae2ef0297a1f922e85500633d89d4d4e577ed9d,0xa8f01f7b35d2bd389f209cf25564aeaafb25d852,0xeae2ef0297a1f922e85500633d89d4d4e577ed9d,true,0,Open,0x0000000000000000000000000000000000000000
118145,0xca4ffd1c27f05aaf62d7935560d5a5dd8b8b6d0e,0xd867647b431cc6fd354e1c261a9c05d6cc999999,0xca4ffd1c27f05aaf62d7935560d5a5dd8b8b6d0e,true,1,Completed,0x0000000000000000000000000000000000000000
118429,0xca4ffd1c27f05aaf62d7935560d5a5dd8b8b6d0e,0xd867647b431cc6fd354e1c261a9c05d6cc999999,0xca4ffd1c27f05aaf62d7935560d5a5dd8b8b6d0e,true,1,Completed,0x0000000000000000000000000000000000000000
118713,0x867367b44729a3a9deb532ff3b8e4857f75df783,0x0000000000000000000000000000000000000000,0x8a1e15967daa09de7b30ced44e0d16f1bb6cf8df,false,0,Open,0x0000000000000000000000000000000000000000
118997,0xcac574b8098fdd6dd11a1cc69aef48c35ef5319c,0x59704cf5c08a3d69159d21c5b11231282d2f58a9,0xcac574b8098fdd6dd11a1cc69aef48c35ef5319c,true,0,Open,0x0000000000000000000000000000000000000000
119281,0x5195b66dbb38c5357fc534d05177e7451777c8f1,0x0000000000000000000000000000000000000000,0x4b4278979ba66e6cb104a6c97e3ad8f782e38fa0,false,0,Open,0x0000000000000000000000000000000000000000
119565,0xca4ffd1c27f05aaf62d7935560d5a5dd8b8b6d0e,0xd867647b431cc6fd354e1c261a9c05d6cc999999,0xca4ffd1c27f05aaf62d7935560d5a5dd8b8b6d0e,true,1,Completed,0x0000000000000000000000000000000000000000
119849,0x3e8a971b226e817d668d9afa72c98dcff6d9132a,0x0000000000000000000000000000000000000000,0xbc1c4179a44fd6a40cd7b71fe9f6b3157cf0708c,false,0,Open,0x0000000000000000000000000000000000000000
120133,0x44f75a8adc910c7d3a50c4dc4481871c4c82340a,0x2b4a8c7a1fadcfd6c8799284fe9d128ab94b2b2b,0x44f75a8adc910c7d3a50c4dc4481871c4c82340a,true,0.1,Completed,0x0000000000000000000000000000000000000000
120417,0x9526fc1fa28f47ecd140881cd5a810625597aebc,0x0000000000000000000000000000000000000000,0x0cdb42f57b5a09746ec6bbf1043a36f0c92dd15c,false,0,Open,0x0000000000000000000000000000000000000000
120701,0x57ff67115a34b26f69cb7c89bd2206da4ae05f28,0x57ff67115a34b26f69cb7c89bd2206da4ae05f28,0x705ee7c947a78db7f056425af39e54805edda601,false,0,Open,0x0000000000000000000000000000000000000000
120985,0x43f1dd4a98adbb90ffb4265083396410b4a444a3,0xb5fa6c635b6b437a975c5a8749cd41625e4ae931,0x43f1dd4a98adbb90ffb4265083396410b4a444a3,true,0,Open,0x0000000000000000000000000000000000000000
121269,0x7e9d51c26434c7c3a928f52b836faee4eb65ce4b,0xd235bccbf036b675b9d885a28f2571d087fb7b85,0x7e9d51c26434c7c3a928f52b836faee4eb65ce4b,true,1,Completed,0x0000000000000000000000000000000000000000
121553,0xca4ffd1c27f05aaf62d7935560d5a5dd8b8b6d0e,0xd867647b431cc6fd354e1c261a9c05d6cc999999,0xca4ffd1c27f05aaf62d7935560d5a5dd8b8b6d0e,true,1,Completed,0x0000000000000000000000000000000000000000
121837,0xac14eddd792be6c933e115c7805b7f7766cc7f54,0x0000000000000000000000000000000000000000,0x9e6a5e14623e2d60033e276930c4f513f84bba8f,false,0,Open,0x0000000000000000000000000000000000000000
122121,0x283ee4996ab375aa11cb661ea0f171fc310d20fc,0x283ee4996ab375aa11cb661ea0f171fc310d20fc,0x2ba35fb35a210d5b8255dd672c74b397ff1dc808,false,0,Open,0x0000000000000000000000000000000000000000
122405,0xa2e598b60826ad8026c008e9815457e40e6d331f,0x09bc28e3dee226fb432554911a9ce89eeef02d1a,0xa284ec59340f6b6da14c099c6284dcef3395482c,false,1,Completed,0x0000000000000000000000000000000000000000
122689,0xe64f8b3054c95f3c4f0ea00cc777675000a5aa15,0xa8f01f7b35d2bd389f209cf25564aeaafb25d852,0xe64f8b3054c95f3c4f0ea00cc777675000a5aa15,true,0,Open,0x0000000000000000000000000000000000000000
122973,0x9ad19b4ddc8cf58b3957387c71b56747070f12c8,0x88d9038c61b46d041fc21ff92a7be51906c6c6cc,0x9ad19b4ddc8cf58b3957387c71b56747070f12c8,true,0,Open,0x0000000000000000000000000000000000000000
123257,0x726c54f6390f7aa692d193039662a0a1d79e8a47,0x238622b9ffeea800ea731e357d76c4b988e50361,0x726c54f6390f7aa692d193039662a0a1d79e8a47,true,0.023,Completed,0x0000000000000000000000000000000000000000
123541,0xa75d28805716dc671596e605fbad24ed0a419656,0x5b53beb0e1e9a31235c4ef2543bb2dfa59c31cc0,0xa75d28805716dc671596e605fbad24ed0a419656,true,0.026,Completed,0x0000000000000000000000000000000000000000
123825,0x4911e51c3e1243aca1d313c75c31a322e7e494dc,0xa2e598b60826ad8026c008e9815457e40e6d331f,0x09bc28e3dee226fb432554911a9ce89eeef02d1a,false,1,Completed,0x0000000000000000000000000000000000000000
124109,0x4e02c4291b74fd989db87d17026f77293f9cc6f2,0x1453141466d37193e27d5b82eb64b719290cd030,0xa24689956ea3ae5e4ccec37337b8b81cf466ed43,false,0.01,Submitted,0x0000000000000000000000000000000000000000
124393,0x79a0b8dcd4bf41d0281b1205031419b15384cc9b,0xd233b1f76bc1a35da6ad63112a590cb2a61c8554,0x79a0b8dcd4bf41d0281b1205031419b15384cc9b,true,0.03,Completed,0x0000000000000000000000000000000000000000
124677,0x27a4dae0aca681862efb9c65054558d7a3c0a45e,0x4f1a3aebd0a98edc90d8aecc874eb6f2e097b731,0x27a4dae0aca681862efb9c65054558d7a3c0a45e,true,0.1,Completed,0x0000000000000000000000000000000000000000
124961,0xc83fe81563222ddfdda76dc8e2fdb0ee425a35c5,0x27d2d3101d1cba744dcd3c4df0210ac787857040,0xc83fe81563222ddfdda76dc8e2fdb0ee425a35c5,true,0.036,Completed,0x0000000000000000000000000000000000000000
125245,0xca4ffd1c27f05aaf62d7935560d5a5dd8b8b6d0e,0xd867647b431cc6fd354e1c261a9c05d6cc999999,0xca4ffd1c27f05aaf62d7935560d5a5dd8b8b6d0e,true,1,Completed,0x0000000000000000000000000000000000000000
125529,0xae6a483ca8a47c330f1b2a4f759bbbafe16f4571,0x2ef12c8421c642f86874a0dd3c30398331515ec5,0xae6a483ca8a47c330f1b2a4f759bbbafe16f4571,true,0.023,Completed,0x0000000000000000000000000000000000000000
125813,0xa5d1dc3afa448d4875781b9a2a6d3797a38dd99a,0xec4a82160b4fe796d8467a0137930eab3132f0a2,0xa5d1dc3afa448d4875781b9a2a6d3797a38dd99a,true,0.025,Completed,0x0000000000000000000000000000000000000000
126097,0xca4ffd1c27f05aaf62d7935560d5a5dd8b8b6d0e,0xd867647b431cc6fd354e1c261a9c05d6cc999999,0xca4ffd1c27f05aaf62d7935560d5a5dd8b8b6d0e,true,1,Completed,0x0000000000000000000000000000000000000000
126381,0xca4ffd1c27f05aaf62d7935560d5a5dd8b8b6d0e,0xd867647b431cc6fd354e1c261a9c05d6cc999999,0xca4ffd1c27f05aaf62d7935560d5a5dd8b8b6d0e,true,1,Completed,0x0000000000000000000000000000000000000000
126665,0xca4ffd1c27f05aaf62d7935560d5a5dd8b8b6d0e,0xd867647b431cc6fd354e1c261a9c05d6cc999999,0xca4ffd1c27f05aaf62d7935560d5a5dd8b8b6d0e,true,1,Completed,0x0000000000000000000000000000000000000000
126949,0x87b18dadc34de9f88d9b9c8fe3bb98330c71a409,0x9ace8f3223920e00c635055d2c91de82b7442e57,0x87b18dadc34de9f88d9b9c8fe3bb98330c71a409,true,0.034,Completed,0x0000000000000000000000000000000000000000
127233,0xed30ddac42291c702f993bbbcf9630e2d3e34d3b,0xa8f01f7b35d2bd389f209cf25564aeaafb25d852,0xed30ddac42291c702f993bbbcf9630e2d3e34d3b,true,0,Open,0x0000000000000000000000000000000000000000
127517,0xb59b2c4efdae4a9d9eb497e435cf25b65001d224,0xb59b2c4efdae4a9d9eb497e435cf25b65001d224,0xb59b2c4efdae4a9d9eb497e435cf25b65001d224,true,11,Completed,0x0000000000000000000000000000000000000000
127801,0xf2bd28c75caf999a77d81732ea6f84b215739bc1,0x59704cf5c08a3d69159d21c5b11231282d2f58a9,0xf2bd28c75caf999a77d81732ea6f84b215739bc1,true,0,Open,0x0000000000000000000000000000000000000000
128085,0x34ee546c6d9c1b6c01a9089b19d119291f69d5eb,0x78953272743da1ab6805bdfb8628931716965626,0x34ee546c6d9c1b6c01a9089b19d119291f69d5eb,true,0.015,Completed,0x0000000000000000000000000000000000000000
128369,0x2f061aa574882c84649230b475a44d35795cc018,0xb152c3b6436318ad340153f1d30c9bbb8634681a,0x2f061aa574882c84649230b475a44d35795cc018,true,1,Completed,0x0000000000000000000000000000000000000000
128653,0x87381b02166bd192edce4697c83f4558b2020e91,0x1733a5b8f0f4c04c840e5008bdbfa8c2beb554ee,0x4fca83d71820ef3fd1836f856ef9aba9fea0f2a1,false,0.707397,Completed,0x0000000000000000000000000000000000000000
128937,0xbb893c60e09ca0377fa093c075f03780b2272dca,0xa01131943744a4e5049816610bcb917849fcfdd8,0xbb893c60e09ca0377fa093c075f03780b2272dca,true,0.027,Completed,0x0000000000000000000000000000000000000000
129221,0xca4ffd1c27f05aaf62d7935560d5a5dd8b8b6d0e,0xd867647b431cc6fd354e1c261a9c05d6cc999999,0xca4ffd1c27f05aaf62d7935560d5a5dd8b8b6d0e,true,1,Completed,0x0000000000000000000000000000000000000000
129505,0x17e36aa068fd2596625e2dfde0c012881ecf8252,0x84506639a87a6cf291411b181df1a927345a70c2,0x17e36aa068fd2596625e2dfde0c012881ecf8252,true,0.029,Completed,0x0000000000000000000000000000000000000000
129789,0x11cfbacc3249cefe9e95eb641a979802d75311fb,0xd9275ad8e155e2cc5621b3eccaa9820e3314573b,0x11cfbacc3249cefe9e95eb641a979802d75311fb,true,0.031,Completed,0x0000000000000000000000000000000000000000
130073,0xca4ffd1c27f05aaf62d7935560d5a5dd8b8b6d0e,0xd867647b431cc6fd354e1c261a9c05d6cc999999,0xca4ffd1c27f05aaf62d7935560d5a5dd8b8b6d0e,true,1,Completed,0x0000000000000000000000000000000000000000
130357,0x77518b7c1851a7713178d8502fcce8cc3896807e,0x13d926287c1041c33d5db9b94e379f504a7cdddd,0x77518b7c1851a7713178d8502fcce8cc3896807e,true,0.03,Completed,0x0000000000000000000000000000000000000000
130641,0xca4ffd1c27f05aaf62d7935560d5a5dd8b8b6d0e,0xd867647b431cc6fd354e1c261a9c05d6cc999999,0xca4ffd1c27f05aaf62d7935560d5a5dd8b8b6d0e,true,1,Completed,0x0000000000000000000000000000000000000000
130925,0x60caa57b18074791eea422164561135e4eb6c867,0x14e09a86aac0eb5f5dbbbb7bea2c1002624093b4,0x60caa57b18074791eea422164561135e4eb6c867,true,0,Open,0x0000000000000000000000000000000000000000
131209,0xa2cb6b99e874e5bdd8cc9f21185e0a2420aeef53,0xa8f01f7b35d2bd389f209cf25564aeaafb25d852,0xa2cb6b99e874e5bdd8cc9f21185e0a2420aeef53,true,0,Open,0x0000000000000000000000000000000000000000
131493,0xca4ffd1c27f05aaf62d7935560d5a5dd8b8b6d0e,0xd867647b431cc6fd354e1c261a9c05d6cc999999,0xca4ffd1c27f05aaf62d7935560d5a5dd8b8b6d0e,true,1,Completed,0x0000000000000000000000000000000000000000
131777,0xbc6ef620bf50059b39e335d9da9794d20b84050f,0x88d9038c61b46d041fc21ff92a7be51906c6c6cc,0xbc6ef620bf50059b39e335d9da9794d20b84050f,true,0,Open,0x0000000000000000000000000000000000000000
132061,0xca4ffd1c27f05aaf62d7935560d5a5dd8b8b6d0e,0xd867647b431cc6fd354e1c261a9c05d6cc999999,0xca4ffd1c27f05aaf62d7935560d5a5dd8b8b6d0e,true,1,Completed,0x0000000000000000000000000000000000000000
132345,0xaf28016177407dd2595a96abd2573fd151c9d1e3,0xaf28016177407dd2595a96abd2573fd151c9d1e3,0xa900b73224971fbad6a591565e6f22271f2fa3a1,false,0,Open,0x0000000000000000000000000000000000000000
132629,0xa24689956ea3ae5e4ccec37337b8b81cf466ed43,0xd82c90bd1141a23ea7921f40782e6db076ce6966,0xa24689956ea3ae5e4ccec37337b8b81cf466ed43,true,1,Rejected,0x0000000000000000000000000000000000000000
132913,0x90960038761b58787522bbe64f7b355c13b2b58a,0x90960038761b58787522bbe64f7b355c13b2b58a,0x90960038761b58787522bbe64f7b355c13b2b58a,true,0,Completed,0x0000000000000000000000000000000000000000
133197,0xbf2989b38f03ff58f461f99a3fece5c3522a51b2,0x88d9038c61b46d041fc21ff92a7be51906c6c6cc,0xbf2989b38f03ff58f461f99a3fece5c3522a51b2,true,0,Open,0x0000000000000000000000000000000000000000
133481,0x36e05c31972787098e841f018ecd97df2494fe36,0x36e05c31972787098e841f018ecd97df2494fe36,0x36e05c31972787098e841f018ecd97df2494fe36,true,0,Submitted,0x0000000000000000000000000000000000000000
133765,0xca4ffd1c27f05aaf62d7935560d5a5dd8b8b6d0e,0xd867647b431cc6fd354e1c261a9c05d6cc999999,0xca4ffd1c27f05aaf62d7935560d5a5dd8b8b6d0e,true,1,Completed,0x0000000000000000000000000000000000000000
134049,0xca4ffd1c27f05aaf62d7935560d5a5dd8b8b6d0e,0xd867647b431cc6fd354e1c261a9c05d6cc999999,0xca4ffd1c27f05aaf62d7935560d5a5dd8b8b6d0e,true,1,Completed,0x0000000000000000000000000000000000000000
134333,0xe90a71ff34113a6844bbcd698a3397878eae05eb,0xe90a71ff34113a6844bbcd698a3397878eae05eb,0x73f878da6eed9cfdd9cf5dccc7addc827969f141,false,0,Open,0x0000000000000000000000000000000000000000
134617,0xafe6dd950dc2cf561e8daba1725e0e6840f70549,0xafe6dd950dc2cf561e8daba1725e0e6840f70549,0xafe6dd950dc2cf561e8daba1725e0e6840f70549,true,0.05,Funded,0x0000000000000000000000000000000000000000
134901,0xf3ea1572050ce1467dec4a37ec6376a65a399041,0x0000000000000000000000000000000000000000,0x16191f05345300534fe14ea3fb5adc9fd0460d3e,false,0,Open,0x0000000000000000000000000000000000000000
135185,0xa62e587e2cb9dabe609bd5a5387fcf65bc0a2fe3,0x14e09a86aac0eb5f5dbbbb7bea2c1002624093b4,0xa62e587e2cb9dabe609bd5a5387fcf65bc0a2fe3,true,0,Open,0x0000000000000000000000000000000000000000
135469,0xa284ec59340f6b6da14c099c6284dcef3395482c,0x46a893f7506e98c2c88a85e06bc6a7e08bf02525,0x4911e51c3e1243aca1d313c75c31a322e7e494dc,false,1,Completed,0x0000000000000000000000000000000000000000
135753,0x34177d9a784479629d33be77be884557a7c30cf4,0x0000000000000000000000000000000000000000,0xb467f49c980d892a094856b2563db9027c529ee4,false,0,Open,0x0000000000000000000000000000000000000000
136037,0x51457aeae102a71520afc20da2c833a29d3b9823,0x0000000000000000000000000000000000000000,0xd5b58c4b0be670a1234578e58b8064d40ceae969,false,0,Open,0x0000000000000000000000000000000000000000
136321,0x09bc28e3dee226fb432554911a9ce89eeef02d1a,0xa284ec59340f6b6da14c099c6284dcef3395482c,0x46a893f7506e98c2c88a85e06bc6a7e08bf02525,false,1,Completed,0x0000000000000000000000000000000000000000
136605,0x724693edbcb930048742ba94eb3c88ce82cbe282,0x4da01b675873efadb2fe95092e10e9f57a4a761c,0x724693edbcb930048742ba94eb3c88ce82cbe282,true,5.19,Completed,0x0000000000000000000000000000000000000000
136889,0xca4ffd1c27f05aaf62d7935560d5a5dd8b8b6d0e,0xd867647b431cc6fd354e1c261a9c05d6cc999999,0xca4ffd1c27f05aaf62d7935560d5a5dd8b8b6d0e,true,1,Completed,0x0000000000000000000000000000000000000000
137173,0xca4ffd1c27f05aaf62d7935560d5a5dd8b8b6d0e,0xd867647b431cc6fd354e1c261a9c05d6cc999999,0xca4ffd1c27f05aaf62d7935560d5a5dd8b8b6d0e,true,1,Completed,0x0000000000000000000000000000000000000000
137457,0x90976e2d6976fb40efd32f3ebdf339a9a3d0b353,0xfc3558b7936e735e55714b138768fd7ac0158eff,0x90976e2d6976fb40efd32f3ebdf339a9a3d0b353,true,7.67,Completed,0x0000000000000000000000000000000000000000
137741,0xca4ffd1c27f05aaf62d7935560d5a5dd8b8b6d0e,0xd867647b431cc6fd354e1c261a9c05d6cc999999,0xca4ffd1c27f05aaf62d7935560d5a5dd8b8b6d0e,true,1,Completed,0x0000000000000000000000000000000000000000
138025,0x4911e51c3e1243aca1d313c75c31a322e7e494dc,0xa2e598b60826ad8026c008e9815457e40e6d331f,0x09bc28e3dee226fb432554911a9ce89eeef02d1a,false,1,Completed,0x0000000000000000000000000000000000000000
138309,0xca4ffd1c27f05aaf62d7935560d5a5dd8b8b6d0e,0xd867647b431cc6fd354e1c261a9c05d6cc999999,0xca4ffd1c27f05aaf62d7935560d5a5dd8b8b6d0e,true,1,Completed,0x0000000000000000000000000000000000000000
138593,0xa2e598b60826ad8026c008e9815457e40e6d331f,0x09bc28e3dee226fb432554911a9ce89eeef02d1a,0xa284ec59340f6b6da14c099c6284dcef3395482c,false,1,Completed,0x0000000000000000000000000000000000000000
138877,0xa2e598b60826ad8026c008e9815457e40e6d331f,0x09bc28e3dee226fb432554911a9ce89eeef02d1a,0xa284ec59340f6b6da14c099c6284dcef3395482c,false,1,Completed,0x0000000000000000000000000000000000000000
139161,0xca4ffd1c27f05aaf62d7935560d5a5dd8b8b6d0e,0xd867647b431cc6fd354e1c261a9c05d6cc999999,0xca4ffd1c27f05aaf62d7935560d5a5dd8b8b6d0e,true,1,Completed,0x0000000000000000000000000000000000000000
139445,0xca4ffd1c27f05aaf62d7935560d5a5dd8b8b6d0e,0xd867647b431cc6fd354e1c261a9c05d6cc999999,0xca4ffd1c27f05aaf62d7935560d5a5dd8b8b6d0e,true,1,Completed,0x0000000000000000000000000000000000000000
139729,0x46a893f7506e98c2c88a85e06bc6a7e08bf02525,0x4911e51c3e1243aca1d313c75c31a322e7e494dc,0xa2e598b60826ad8026c008e9815457e40e6d331f,false,1,Completed,0x0000000000000000000000000000000000000000
140013,0x41e587a8b9ab5d33e05be9fade8bc1ec177a9cbe,0x88d9038c61b46d041fc21ff92a7be51906c6c6cc,0x41e587a8b9ab5d33e05be9fade8bc1ec177a9cbe,true,0,Open,0x0000000000000000000000000000000000000000
140297,0xca4ffd1c27f05aaf62d7935560d5a5dd8b8b6d0e,0xd867647b431cc6fd354e1c261a9c05d6cc999999,0xca4ffd1c27f05aaf62d7935560d5a5dd8b8b6d0e,true,1,Completed,0x0000000000000000000000000000000000000000
140581,0xe457cbbfef087505a5bad0239da19ac3f146de65,0x34177d9a784479629d33be77be884557a7c30cf4,0x2dadc2b02c93d09dfb24ae744e3d22f2e746c907,false,0.01,Completed,0x0000000000000000000000000000000000000000
140865,0xa284ec59340f6b6da14c099c6284dcef3395482c,0x46a893f7506e98c2c88a85e06bc6a7e08bf02525,0x4911e51c3e1243aca1d313c75c31a322e7e494dc,false,1,Completed,0x0000000000000000000000000000000000000000
141149,0xa2e598b60826ad8026c008e9815457e40e6d331f,0x09bc28e3dee226fb432554911a9ce89eeef02d1a,0xa284ec59340f6b6da14c099c6284dcef3395482c,false,1,Completed,0x0000000000000000000000000000000000000000
141433,0x89aa83c11009dc7d59ed6510c9f8df3743c4ac0c,0xa8f01f7b35d2bd389f209cf25564aeaafb25d852,0x89aa83c11009dc7d59ed6510c9f8df3743c4ac0c,true,0,Open,0x0000000000000000000000000000000000000000
141717,0x46a893f7506e98c2c88a85e06bc6a7e08bf02525,0x4911e51c3e1243aca1d313c75c31a322e7e494dc,0xa2e598b60826ad8026c008e9815457e40e6d331f,false,1,Completed,0x0000000000000000000000000000000000000000
142001,0xca4ffd1c27f05aaf62d7935560d5a5dd8b8b6d0e,0xd867647b431cc6fd354e1c261a9c05d6cc999999,0xca4ffd1c27f05aaf62d7935560d5a5dd8b8b6d0e,true,1,Completed,0x0000000000000000000000000000000000000000
142285,0xca4ffd1c27f05aaf62d7935560d5a5dd8b8b6d0e,0xd867647b431cc6fd354e1c261a9c05d6cc999999,0xca4ffd1c27f05aaf62d7935560d5a5dd8b8b6d0e,true,1,Completed,0x0000000000000000000000000000000000000000
142569,0xca4ffd1c27f05aaf62d7935560d5a5dd8b8b6d0e,0xd867647b431cc6fd354e1c261a9c05d6cc999999,0xca4ffd1c27f05aaf62d7935560d5a5dd8b8b6d0e,true,1,Completed,0x0000000000000000000000000000000000000000
142853,0xca4ffd1c27f05aaf62d7935560d5a5dd8b8b6d0e,0xd867647b431cc6fd354e1c261a9c05d6cc999999,0xca4ffd1c27f05aaf62d7935560d5a5dd8b8b6d0e,true,1,Completed,0x0000000000000000000000000000000000000000
143137,0xa284ec59340f6b6da14c099c6284dcef3395482c,0x46a893f7506e98c2c88a85e06bc6a7e08bf02525,0x4911e51c3e1243aca1d313c75c31a322e7e494dc,false,1,Completed,0x0000000000000000000000000000000000000000
143421,0x2f061aa574882c84649230b475a44d35795cc018,0xb152c3b6436318ad340153f1d30c9bbb8634681a,0x2f061aa574882c84649230b475a44d35795cc018,true,1,Completed,0x0000000000000000000000000000000000000000
143705,0xca4ffd1c27f05aaf62d7935560d5a5dd8b8b6d0e,0xd867647b431cc6fd354e1c261a9c05d6cc999999,0xca4ffd1c27f05aaf62d7935560d5a5dd8b8b6d0e,true,1,Completed,0x0000000000000000000000000000000000000000
143989,0xf275e7516d94e03bfec4cc73f51394b04bd0c74b,0x4fdff5fd7361fb8692431d38f0f369bc5f93c87b,0xf275e7516d94e03bfec4cc73f51394b04bd0c74b,true,0.1,Completed,0x0000000000000000000000000000000000000000
144273,0x09bc28e3dee226fb432554911a9ce89eeef02d1a,0xa284ec59340f6b6da14c099c6284dcef3395482c,0x46a893f7506e98c2c88a85e06bc6a7e08bf02525,false,1,Completed,0x0000000000000000000000000000000000000000
144557,0x09bc28e3dee226fb432554911a9ce89eeef02d1a,0xa284ec59340f6b6da14c099c6284dcef3395482c,0x46a893f7506e98c2c88a85e06bc6a7e08bf02525,false,1,Completed,0x0000000000000000000000000000000000000000
144841,0xca4ffd1c27f05aaf62d7935560d5a5dd8b8b6d0e,0xd867647b431cc6fd354e1c261a9c05d6cc999999,0xca4ffd1c27f05aaf62d7935560d5a5dd8b8b6d0e,true,1,Completed,0x0000000000000000000000000000000000000000
145125,0x172b7952b0f711b8b372410e81d51dcba7d4bb02,0x61f13440e56d155c69557344432933a70bc0a7b0,0x07db1e1256920fc41995bcfca15cb6dd38a47bb1,false,0,Open,0x0000000000000000000000000000000000000000
145409,0xac7de76f6ffe93fa71df1234781b07fc4896f9cf,0x8aa0b3b7eb069b49cc10b1af8d59cdea465ba303,0xac7de76f6ffe93fa71df1234781b07fc4896f9cf,true,0.1,Completed,0x0000000000000000000000000000000000000000
145693,0xca4ffd1c27f05aaf62d7935560d5a5dd8b8b6d0e,0xd867647b431cc6fd354e1c261a9c05d6cc999999,0xca4ffd1c27f05aaf62d7935560d5a5dd8b8b6d0e,true,1,Completed,0x0000000000000000000000000000000000000000
145977,0x47dee077114209f5931cb04f8badd730f035e957,0xa8f01f7b35d2bd389f209cf25564aeaafb25d852,0x47dee077114209f5931cb04f8badd730f035e957,true,0,Open,0x0000000000000000000000000000000000000000
146261,0xca4ffd1c27f05aaf62d7935560d5a5dd8b8b6d0e,0xd867647b431cc6fd354e1c261a9c05d6cc999999,0xca4ffd1c27f05aaf62d7935560d5a5dd8b8b6d0e,true,1,Completed,0x0000000000000000000000000000000000000000
146545,0xca4ffd1c27f05aaf62d7935560d5a5dd8b8b6d0e,0xd867647b431cc6fd354e1c261a9c05d6cc999999,0xca4ffd1c27f05aaf62d7935560d5a5dd8b8b6d0e,true,1,Completed,0x0000000000000000000000000000000000000000
146829,0x1175ea618862b97cfd2d88a38fac94618102189d,0x54194067d5b67d9adda48992515b8dce10772972,0x1175ea618862b97cfd2d88a38fac94618102189d,true,0,Open,0x0000000000000000000000000000000000000000
147113,0x0a491093acca2c0641f2860260c24b3079a18a76,0xa8f01f7b35d2bd389f209cf25564aeaafb25d852,0x0a491093acca2c0641f2860260c24b3079a18a76,true,0,Open,0x0000000000000000000000000000000000000000
147397,0x172b7952b0f711b8b372410e81d51dcba7d4bb02,0x61f13440e56d155c69557344432933a70bc0a7b0,0x07db1e1256920fc41995bcfca15cb6dd38a47bb1,false,0.5,Open,0x0000000000000000000000000000000000000000
147681,0x090c23a57ed544b6adc2ea206cb92a843bf97e0a,0x78d6b416be6d45dc01768895e8a0a20e6fd2e0f0,0x090c23a57ed544b6adc2ea206cb92a843bf97e0a,true,0,Open,0x0000000000000000000000000000000000000000
147965,0xca4ffd1c27f05aaf62d7935560d5a5dd8b8b6d0e,0xd867647b431cc6fd354e1c261a9c05d6cc999999,0xca4ffd1c27f05aaf62d7935560d5a5dd8b8b6d0e,true,1,Completed,0x0000000000000000000000000000000000000000
148249,0xca4ffd1c27f05aaf62d7935560d5a5dd8b8b6d0e,0xd867647b431cc6fd354e1c261a9c05d6cc999999,0xca4ffd1c27f05aaf62d7935560d5a5dd8b8b6d0e,true,1,Completed,0x0000000000000000000000000000000000000000
148533,0xca4ffd1c27f05aaf62d7935560d5a5dd8b8b6d0e,0xd867647b431cc6fd354e1c261a9c05d6cc999999,0xca4ffd1c27f05aaf62d7935560d5a5dd8b8b6d0e,true,1,Completed,0x0000000000000000000000000000000000000000
148817,0xc42d834c14afae0f395ec4d4d0063d07ccaa808f,0x9523e3d1a452eda6770dcd39c7ec82f03f638398,0x716edf716665b5d59c9524cbb9b4fb77d6e7d550,false,5,Completed,0x0000000000000000000000000000000000000000
149101,0xca4ffd1c27f05aaf62d7935560d5a5dd8b8b6d0e,0xd867647b431cc6fd354e1c261a9c05d6cc999999,0xca4ffd1c27f05aaf62d7935560d5a5dd8b8b6d0e,true,1,Completed,0x0000000000000000000000000000000000000000
149385,0x2f061aa574882c84649230b475a44d35795cc018,0xb152c3b6436318ad340153f1d30c9bbb8634681a,0x2f061aa574882c84649230b475a44d35795cc018,true,1,Completed,0x0000000000000000000000000000000000000000
149669,0xca4ffd1c27f05aaf62d7935560d5a5dd8b8b6d0e,0xd867647b431cc6fd354e1c261a9c05d6cc999999,0xca4ffd1c27f05aaf62d7935560d5a5dd8b8b6d0e,true,1,Completed,0x0000000000000000000000000000000000000000
149953,0xca4ffd1c27f05aaf62d7935560d5a5dd8b8b6d0e,0xd867647b431cc6fd354e1c261a9c05d6cc999999,0xca4ffd1c27f05aaf62d7935560d5a5dd8b8b6d0e,true,1,Completed,0x0000000000000000000000000000000000000000
150237,0xca4ffd1c27f05aaf62d7935560d5a5dd8b8b6d0e,0xd867647b431cc6fd354e1c261a9c05d6cc999999,0xca4ffd1c27f05aaf62d7935560d5a5dd8b8b6d0e,true,1,Completed,0x0000000000000000000000000000000000000000
150521,0xcbbf92eaea82332a62ef22dd5d2352a021a091e9,0xfa1cf199e2a2ee8c17f29244c843e479a260cc4c,0xcbbf92eaea82332a62ef22dd5d2352a021a091e9,true,0.1,Completed,0x0000000000000000000000000000000000000000
150805,0xf8c4f26661e62501b6714c46ff562e3862fac37a,0x05c8be0ec0a0045f846e19af12e91639bc85ee03,0xf8c4f26661e62501b6714c46ff562e3862fac37a,true,0.031,Completed,0x0000000000000000000000000000000000000000
151089,0xa1ff0c88c668d4ab6e07cd8bfb52c4ed7e5747b1,0xfaaf5f513b9c44ed88d23bf81e58fdde547ccad3,0xa1ff0c88c668d4ab6e07cd8bfb52c4ed7e5747b1,true,0.027,Completed,0x0000000000000000000000000000000000000000
151373,0xca4ffd1c27f05aaf62d7935560d5a5dd8b8b6d0e,0xd867647b431cc6fd354e1c261a9c05d6cc999999,0xca4ffd1c27f05aaf62d7935560d5a5dd8b8b6d0e,true,1,Completed,0x0000000000000000000000000000000000000000
151657,0x1adace29840644bedbe4bacf58ec495c8460e033,0xc4086c9434c98a62d39874919a02c32c440b5c9c,0x1adace29840644bedbe4bacf58ec495c8460e033,true,0.026,Completed,0x0000000000000000000000000000000000000000
151941,0x2cd5a0a5cfae23553e9a3c2d77ef1a72ce9004d0,0x6a0e682ec9a00110f14a44331b245b1146912735,0x2cd5a0a5cfae23553e9a3c2d77ef1a72ce9004d0,true,0.038,Completed,0x0000000000000000000000000000000000000000
152225,0x693ecec990e1a35ac2101589d3f70021537c80e7,0x88d9038c61b46d041fc21ff92a7be51906c6c6cc,0x693ecec990e1a35ac2101589d3f70021537c80e7,true,0,Open,0x0000000000000000000000000000000000000000
152509,0xca4ffd1c27f05aaf62d7935560d5a5dd8b8b6d0e,0xd867647b431cc6fd354e1c261a9c05d6cc999999,0xca4ffd1c27f05aaf62d7935560d5a5dd8b8b6d0e,true,1,Completed,0x0000000000000000000000000000000000000000
152793,0xb4a6607e9d6b09dc886619518c2ae377bfb201dc,0xb09658ff32bfdad4d40a2014e6c8affc4f603d61,0xb4a6607e9d6b09dc886619518c2ae377bfb201dc,true,0.031,Completed,0x0000000000000000000000000000000000000000
153077,0x172b7952b0f711b8b372410e81d51dcba7d4bb02,0x61f13440e56d155c69557344432933a70bc0a7b0,0x07db1e1256920fc41995bcfca15cb6dd38a47bb1,false,0,Open,0x0000000000000000000000000000000000000000
153361,0x4b5689d6edffd25fe48f3d34b6190818daf38422,0xa2766c5760bb58910c4f596e673e9d80269e8c5b,0x4b5689d6edffd25fe48f3d34b6190818daf38422,true,0.035,Completed,0x0000000000000000000000000000000000000000
153645,0xa9d6846a949bfdd26d07a507a1b427cf75a6adfa,0xaa6cec38843a2a7ef48424d80617f8469fde41ec,0xa9d6846a949bfdd26d07a507a1b427cf75a6adfa,true,0.03,Completed,0x0000000000000000000000000000000000000000
153929,0xca4ffd1c27f05aaf62d7935560d5a5dd8b8b6d0e,0xd867647b431cc6fd354e1c261a9c05d6cc999999,0xca4ffd1c27f05aaf62d7935560d5a5dd8b8b6d0e,true,1,Completed,0x0000000000000000000000000000000000000000
154213,0x2521ecea1bc365759b9caa10a6774723ded559c9,0xb2e814e2c5dcb3db3d2425e6621c870b7a163010,0x2521ecea1bc365759b9caa10a6774723ded559c9,true,0,Open,0x0000000000000000000000000000000000000000
154497,0x2f061aa574882c84649230b475a44d35795cc018,0xb152c3b6436318ad340153f1d30c9bbb8634681a,0x2f061aa574882c84649230b475a44d35795cc018,true,1,Completed,0x0000000000000000000000000000000000000000
154781,0x0b7f934c0efa0b50f6b69a9edac991e57d9ecb09,0xa8f01f7b35d2bd389f209cf25564aeaafb25d852,0x0b7f934c0efa0b50f6b69a9edac991e57d9ecb09,true,0,Open,0x0000000000000000000000000000000000000000
155065,0xca4ffd1c27f05aaf62d7935560d5a5dd8b8b6d0e,0xd867647b431cc6fd354e1c261a9c05d6cc999999,0xca4ffd1c27f05aaf62d7935560d5a5dd8b8b6d0e,true,1,Completed,0x0000000000000000000000000000000000000000
155349,0xca4ffd1c27f05aaf62d7935560d5a5dd8b8b6d0e,0xd867647b431cc6fd354e1c261a9c05d6cc999999,0xca4ffd1c27f05aaf62d7935560d5a5dd8b8b6d0e,true,1,Completed,0x0000000000000000000000000000000000000000
155633,0xca4ffd1c27f05aaf62d7935560d5a5dd8b8b6d0e,0xd867647b431cc6fd354e1c261a9c05d6cc999999,0xca4ffd1c27f05aaf62d7935560d5a5dd8b8b6d0e,true,1,Completed,0x0000000000000000000000000000000000000000
155917,0x80fe0f13bbe888518d013824448465b2ed1058f4,0x5ec67bbc8d64b983888ae0f9ddcee8d8af84194e,0x34348a48dbce93a727b815fed79790f3bd108769,false,2,Completed,0x0000000000000000000000000000000000000000
156201,0xca4ffd1c27f05aaf62d7935560d5a5dd8b8b6d0e,0xd867647b431cc6fd354e1c261a9c05d6cc999999,0xca4ffd1c27f05aaf62d7935560d5a5dd8b8b6d0e,true,1,Completed,0x0000000000000000000000000000000000000000
156485,0xca4ffd1c27f05aaf62d7935560d5a5dd8b8b6d0e,0xd867647b431cc6fd354e1c261a9c05d6cc999999,0xca4ffd1c27f05aaf62d7935560d5a5dd8b8b6d0e,true,1,Completed,0x0000000000000000000000000000000000000000
156769,0x1b3f5f0d5fb7a9f33b79c8fdaa78d8c86b02a521,0xc8cc08e778205221b8a686774d69834e3011fd9e,0x1b3f5f0d5fb7a9f33b79c8fdaa78d8c86b02a521,true,0.027,Completed,0x0000000000000000000000000000000000000000
157053,0xca4ffd1c27f05aaf62d7935560d5a5dd8b8b6d0e,0xd867647b431cc6fd354e1c261a9c05d6cc999999,0xca4ffd1c27f05aaf62d7935560d5a5dd8b8b6d0e,true,1,Completed,0x0000000000000000000000000000000000000000
157337,0xca4ffd1c27f05aaf62d7935560d5a5dd8b8b6d0e,0xd867647b431cc6fd354e1c261a9c05d6cc999999,0xca4ffd1c27f05aaf62d7935560d5a5dd8b8b6d0e,true,1,Completed,0x0000000000000000000000000000000000000000
157621,0xca4ffd1c27f05aaf62d7935560d5a5dd8b8b6d0e,0xd867647b431cc6fd354e1c261a9c05d6cc999999,0xca4ffd1c27f05aaf62d7935560d5a5dd8b8b6d0e,true,1,Completed,0x0000000000000000000000000000000000000000
157905,0xca4ffd1c27f05aaf62d7935560d5a5dd8b8b6d0e,0xd867647b431cc6fd354e1c261a9c05d6cc999999,0xca4ffd1c27f05aaf62d7935560d5a5dd8b8b6d0e,true,1,Completed,0x0000000000000000000000000000000000000000
158189,0xafe6dd950dc2cf561e8daba1725e0e6840f70549,0xafe6dd950dc2cf561e8daba1725e0e6840f70549,0xafe6dd950dc2cf561e8daba1725e0e6840f70549,true,0.05,Funded,0x0000000000000000000000000000000000000000
158473,0x172b7952b0f711b8b372410e81d51dcba7d4bb02,0x61f13440e56d155c69557344432933a70bc0a7b0,0x07db1e1256920fc41995bcfca15cb6dd38a47bb1,false,0,Open,0x0000000000000000000000000000000000000000
158757,0x72d8eee7afdb5487308b3ca87cf6a59cae9d7986,0x72d8eee7afdb5487308b3ca87cf6a59cae9d7986,0x72d8eee7afdb5487308b3ca87cf6a59cae9d7986,true,0.143012,Open,0x0000000000000000000000000000000000000000
159041,0x90960038761b58787522bbe64f7b355c13b2b58a,0x90960038761b58787522bbe64f7b355c13b2b58a,0x90960038761b58787522bbe64f7b355c13b2b58a,true,0,Completed,0x0000000000000000000000000000000000000000
159325,0x172b7952b0f711b8b372410e81d51dcba7d4bb02,0x61f13440e56d155c69557344432933a70bc0a7b0,0x07db1e1256920fc41995bcfca15cb6dd38a47bb1,false,0,Open,0x0000000000000000000000000000000000000000
159609,0x79b83dea6d60f9f238dca7e17ea7a8abf9d3f140,0xd6404169eef9722ccf22aebc57524953478d8043,0xea08126dc2fcaaf98b2b51e6d82a4ff7abdcbccd,false,0.01,Completed,0x0000000000000000000000000000000000000000
159893,0xccaf238329fc3ca866dac2240746b3565f25ff3b,0x9eb0e21f343dd7941ec38f1bcb3b4ab2b01ac2d3,0xfece7b6ff639f268b519d70b147fe7da91dba0eb,false,2,Completed,0x0000000000000000000000000000000000000000
160177,0x2d1acb5ba02a0f0166cbfa1a6ec99c4b6119bf36,0xae24e9bdbb0e62d97cb4d3e835edee4b1baadd3e,0x2d1acb5ba02a0f0166cbfa1a6ec99c4b6119bf36,true,0,Open,0x0000000000000000000000000000000000000000
160461,0x159faf3b25315965768b5c70bcea8ba3b351a54d,0xd72b22e0f39160ab6032e9e6f26ed2b0e3f27d34,0x9eac51edc140cbefbc70fe6002156e060add0b8b,false,2.02,Rejected,0x0000000000000000000000000000000000000000
160745,0x5e2a3935ab89a33cf130522c7410aed8cda05e6b,0x686d71ae58d7e5ab451f252235e484e55987c519,0x5e2a3935ab89a33cf130522c7410aed8cda05e6b,true,0,Open,0x0000000000000000000000000000000000000000
161029,0x1a2c95313bde7c99d1aab7b27695b9bead8e6c7c,0x2c1e5e1477a10af9b53f33dcc142dcddaa891bf5,0x1a2c95313bde7c99d1aab7b27695b9bead8e6c7c,true,0,Open,0x0000000000000000000000000000000000000000
161313,0xe3bd0e6ddf39e93646f9323c017a202f18eeeb47,0x15b9f8a8658e10dad42ec08cef158ca1392a8944,0x6f5a2e61da4c779c6b4119f3bfec8ec53db488c7,false,1,Completed,0x0000000000000000000000000000000000000000
161597,0xd86618e8ae077aca30375b5871e9380a215af074,0x987f7bc20a7b54c5c99640e990ff514f2e1ef458,0xd86618e8ae077aca30375b5871e9380a215af074,true,0,Open,0x0000000000000000000000000000000000000000
161881,0x33d9611a3babb03ab07f1084692fb6632941f63e,0xc7e79d2c1933f84d7283b8a77daa7cb7382b024e,0x33d9611a3babb03ab07f1084692fb6632941f63e,true,0,Open,0x0000000000000000000000000000000000000000
162165,0xc6d5576e89968f054070e03958b927b49e351687,0x059ddd1c10068ddee76763287e3a26e679e6c0af,0xc6d5576e89968f054070e03958b927b49e351687,true,0,Open,0x0000000000000000000000000000000000000000
162449,0x0a295906f932c1d0326ab929db57b92a8b7cb41e,0x0cef6fd5cb8acbfd0cd37befb07815655316e277,0x0a295906f932c1d0326ab929db57b92a8b7cb41e,true,0,Open,0x0000000000000000000000000000000000000000
162733,0x8d358c2e6936df0b30bc8b97561267ecf472c342,0x297006eb128e2071d7864b3c8e6f5a31ec127d28,0x8d358c2e6936df0b30bc8b97561267ecf472c342,true,0,Open,0x0000000000000000000000000000000000000000
163017,0x9db9577b3d06df09697adeab1b510d92cda43312,0x0fc03c8cb93bc0937fb8b80d54d2e75c88c54397,0x9db9577b3d06df09697adeab1b510d92cda43312,true,0,Open,0x0000000000000000000000000000000000000000
163301,0xc19a13577d6684cdd78cc63ba66ed8bb76d115a9,0xdc872319a9d10f9ab4f14b664183f0066ab5d74c,0xc19a13577d6684cdd78cc63ba66ed8bb76d115a9,true,0,Open,0x0000000000000000000000000000000000000000
163585,0x2c7a679d5e1e761bfd94c721d0a872147abe0a37,0x1510a36162e0729aec040c78967fde03091cb405,0x2c7a679d5e1e761bfd94c721d0a872147abe0a37,true,0,Open,0x0000000000000000000000000000000000000000
163869,0x86a29d9b0b905bd9a20f8979891bb2421c123cd6,0x45698638cff60b188e338aa580e11ba9eb560759,0x07b59ee130519581cd79bd38b025c9d50eb425e3,false,3,Completed,0x0000000000000000000000000000000000000000
164153,0x121fa4fa31a64283ef579333454049ab39f64693,0x466c3d4f3a05ce65715bd26866b8b1aef4d2cfc6,0x62898ac2bca920ffd4a53c1a99a59eabec7298ba,false,2,Completed,0x0000000000000000000000000000000000000000
164437,0x758fd4aea65a1880d91a3267d76b4243c478bf06,0x0000000000000000000000000000000000000000,0x99be9fc623e73ed5eddceb57484e9ae7048e5fcc,false,0,Open,0x0000000000000000000000000000000000000000
164721,0x28c0dead19fac6cc50603c474439b7d5b9219ae1,0xdabd7cc357e4a9831ed036609ebf69d76e772514,0x28c0dead19fac6cc50603c474439b7d5b9219ae1,true,0,Open,0x0000000000000000000000000000000000000000
165005,0x0614d9f0d0f02b52ed54094044a3c024dd109b42,0x225a87f2fd42f52330763ea5c80bcb45d0ef6435,0x0614d9f0d0f02b52ed54094044a3c024dd109b42,true,0,Open,0x0000000000000000000000000000000000000000
165289,0xb66a3c7c131d6aba9f3180899072686c1007c3a7,0xf7d27935fb7865c354ff4abd2d407e75e322a092,0xb66a3c7c131d6aba9f3180899072686c1007c3a7,true,0,Open,0x0000000000000000000000000000000000000000
165573,0x1cb0b6e2c20f710580c4870c180e1cd08a15c81d,0xba766e5ca6684ba382f4e46375168ea18d60e9a0,0x1cb0b6e2c20f710580c4870c180e1cd08a15c81d,true,0,Open,0x0000000000000000000000000000000000000000
165857,0x14816b0e83bd984b21a021e719d5a9506b5d1d7e,0x4ecb8d994202ec6d38739a5d3d38abf0a515c71f,0x14816b0e83bd984b21a021e719d5a9506b5d1d7e,true,0,Open,0x0000000000000000000000000000000000000000
166141,0xfda78efb76fdb69fcad62d22f82f840cd55bb9c0,0x0e4a62c23aa735b28bbeba270de631747411d8d0,0xfda78efb76fdb69fcad62d22f82f840cd55bb9c0,true,0,Open,0x0000000000000000000000000000000000000000
166425,0xca4ffd1c27f05aaf62d7935560d5a5dd8b8b6d0e,0xd867647b431cc6fd354e1c261a9c05d6cc999999,0xca4ffd1c27f05aaf62d7935560d5a5dd8b8b6d0e,true,0,Open,0x0000000000000000000000000000000000000000
166709,0x10239bea0226d22a5caea25430b24cca4d05c7fb,0xe6bee3e875e24190263c903305392be015c6e0b8,0x10239bea0226d22a5caea25430b24cca4d05c7fb,true,0.036,Completed,0x0000000000000000000000000000000000000000
166993,0xe3f6718c89c73c5b793ca624e1500b28118a6f3e,0xf918328a91cc60f291aadbf1729d6a6b5fee2696,0xe3f6718c89c73c5b793ca624e1500b28118a6f3e,true,0,Open,0x0000000000000000000000000000000000000000
167277,0x97246408e453a95b4abdfc98daa352d39c561d94,0x823b300cd2f787dc594eafbf7859db961a298499,0x97246408e453a95b4abdfc98daa352d39c561d94,true,0,Open,0x0000000000000000000000000000000000000000
167561,0x9c9e4b383a4064247b1ea6aefdf5636e15de4e18,0xcf3782b24b4e9b7092eb2e4ec845877c6d227a93,0x9c9e4b383a4064247b1ea6aefdf5636e15de4e18,true,0,Open,0x0000000000000000000000000000000000000000
167845,0x0813b7a0bda9fcdbe4dd317c87469e75eb050003,0x02034e22493be5b6f9b71976fac89417013bbdb3,0x0813b7a0bda9fcdbe4dd317c87469e75eb050003,true,0,Open,0x0000000000000000000000000000000000000000
168129,0xb96c2281ae7686d6b8eff7c18a55c97092f434e7,0xea2cff6ab8995e331efe528631f8508f5aa90896,0xb96c2281ae7686d6b8eff7c18a55c97092f434e7,true,0,Open,0x0000000000000000000000000000000000000000
168413,0x70252376798ecdfe150a66ff982155fdccde1a14,0x8abcddc74f9e114a819941199a75929cf689b5f9,0x70252376798ecdfe150a66ff982155fdccde1a14,true,1,Completed,0x0000000000000000000000000000000000000000
168697,0xfc23c2e67f7e773fc994055d5be78731aaf2adfb,0xb5fa6c635b6b437a975c5a8749cd41625e4ae931,0xfc23c2e67f7e773fc994055d5be78731aaf2adfb,true,0,Open,0x0000000000000000000000000000000000000000
168981,0x52bf4009c99f6cd9180a565e48758cfd5e4f3b35,0xfe755eba71988c040a5576f67c5026a451526e34,0x52bf4009c99f6cd9180a565e48758cfd5e4f3b35,true,0,Open,0x0000000000000000000000000000000000000000
169265,0x0b712f5375c4ed18f9514b6af6cafb832e406def,0xb5fa6c635b6b437a975c5a8749cd41625e4ae931,0x0b712f5375c4ed18f9514b6af6cafb832e406def,true,0,Open,0x0000000000000000000000000000000000000000
169549,0x58de71e50abdea4f99b888ab4860f90ef869bd16,0x6e000feaacf788a9ce7ce4be66486299f241e18d,0x58de71e50abdea4f99b888ab4860f90ef869bd16,true,0,Open,0x0000000000000000000000000000000000000000
169833,0x516bbddf71e02b28a042f89b75d64ac4e77d254d,0x4a781dcb6869165f0d465ae1412fa82390508d51,0x516bbddf71e02b28a042f89b75d64ac4e77d254d,true,0.037,Completed,0x0000000000000000000000000000000000000000
170117,0xa23b71b9e42cb424d827d4b9d73a4709234b858f,0x114ab8c08ff90edf5219ac760b5484a0c125c3e2,0xa23b71b9e42cb424d827d4b9d73a4709234b858f,true,0,Open,0x0000000000000000000000000000000000000000
170401,0xa91d000deb0f5b4ecd5d0b1b6d9a43d86b6d989a,0xb4fbaf08bc82fefb9d49bcccbf42f6cde79372f8,0xa91d000deb0f5b4ecd5d0b1b6d9a43d86b6d989a,true,0,Open,0x0000000000000000000000000000000000000000
170685,0xbce101a0182b457cd690aac4b8a73a7ef417ec61,0x399cb9837b069693f0b5a949dd7a5e71ab0cc313,0xbce101a0182b457cd690aac4b8a73a7ef417ec61,true,0.024,Completed,0x0000000000000000000000000000000000000000